,GCAM_basin_ID,Basin_name,GLU_code,GLU_name,ISO,ISO_NUM,Country_name,1990,2005,2010,2015,2020,2025,2030,2035,2040,2045,2050,2055,2060,2065,2070,2075,2080,2085,2090,2095,2100,sector
0,1,Arctic_Ocean_Islands,GLU001,ArcticIsl,GRL,304,Greenland,0.0,0.0,0.0,0.0,0.0,0.0,0.0,0.0,0.0,0.0,0.0,0.0,0.0,0.0,0.0,0.0,0.0,0.0,0.0,0.0,0.0,biomass
1,2,Northwest_Territories,GLU002,NWTerr,CAN,124,Canada,0.0,0.0,0.0,0.0,0.023652498836,0.053174243949,0.10204459119,0.203940907297,0.381371793481,0.6305753050758,0.6942209352120001,0.6649803574421399,0.6371081135179371,0.5950822726801199,0.5511083390715,0.510802563472923,0.478663148699815,0.45155595273238003,0.42852193499,0.40560291567,0.38040178704,biomass
2,3,Siberia_North_Coast,GLU003,SiberiaN,RUS,643,Russian Federation,0.0,0.0,0.0,0.0,7.44816e-07,1.0110380000000001e-06,4.11678e-07,3.9863199999999997e-07,3.9419199999999996e-07,4.0311999999999997e-07,3.97184e-07,3.87838e-07,3.8037e-07,3.72038e-07,3.6414000000000003e-07,3.5730200000000006e-07,3.5189999999999997e-07,3.47282e-07,3.43272e-07,3.3953600000000003e-07,3.3557200000000004e-07,biomass
3,4,Siberia_West_Coast,GLU004,SiberiaW,RUS,643,Russian Federation,0.0,0.0,0.0,0.0,0.00396595793,0.008346119499999999,0.0196869724,0.0644494183,0.1641933283,0.39039511515900005,0.48602612442330007,0.49254738855082003,0.499210142015073,0.495398163160525,0.488430085878934,0.483922196334435,0.483893804076094,0.483287306191623,0.48302936299242605,0.48086262184812,0.47493234163933096,biomass
4,5,Kara_Sea_Coast,GLU005,KaraSea,RUS,643,Russian Federation,0.0,0.0,0.0,0.0,1.634132e-06,2.04464e-06,5.677340000000001e-07,4.7233e-07,4.59678e-07,4.69962e-07,4.6049e-07,4.4652e-07,4.35404e-07,4.23098e-07,4.1148000000000003e-07,4.01446e-07,3.93532e-07,3.8678400000000003e-07,3.80938e-07,3.7550400000000005e-07,3.6976e-07,biomass
5,6,Lena,GLU006,LenaR,RUS,643,Russian Federation,0.0,0.0,0.0,0.0,8.11449221,16.02548148,29.063948869999997,58.47694195,109.50908845,179.06513715870003,196.652939675236,195.313452842773,194.64431912116768,191.85129491835258,188.24520111747302,185.1723699011912,183.31801458352516,181.50622504307435,179.947978121555,177.9507255124844,174.81471351454894,biomass
6,7,Pacific_and_Arctic_Coast,GLU007,PacArctic,USA,840,United States,0.0,0.0,0.0,0.0,0.0404617196,0.08884457479999999,0.18789049212,0.4766197109,1.0424851245600002,1.997250929394,2.24989060505887,2.2452917166289703,2.2378838355599098,2.1937589463587632,2.1421841055453252,2.0985884249775,2.0761194603952497,2.06341263375467,2.06094313909589,2.05497095313891,2.0381566674599494,biomass
7,8,Scandinavia_North_Coast,GLU008,ScndnvN,NOR,578,Norway,0.0,0.0,0.0,0.0,1.4764977163,2.53513398822,4.036752073224,7.123557740218001,12.439926049812,21.269189040756,22.968947045502002,22.246242205618,22.063282914591998,21.734422543073997,21.353921055491,20.956499169656,20.849373838726006,20.783219096011003,20.734570730871198,20.5368677506642,20.219432095025596,biomass
8,9,Russia_Barents_Sea_Coast,GLU009,BarentsSea,RUS,643,Russian Federation,0.0,0.0,0.0,0.0,0.1649869252353,0.33283978588830004,0.6236685665249,1.3328085200611999,2.6855837225058004,5.0902357770295135,5.7750572626778,5.635443183266568,5.5389258156015995,5.35192697137322,5.14267253317567,4.9672527607829196,4.851032158914585,4.743945053589622,4.65126424489481,4.546934202819299,4.4037159186889,biomass
9,10,Mackenzie,GLU010,Mackenzie,CAN,124,Canada,0.0,0.0,0.0,0.0,0.15676859157200002,0.347233985383,0.6588209915700001,1.34215603119,2.5710616174200003,4.32449830481095,4.796181663649259,4.625575634042392,4.46089169165855,4.20048595250547,3.922499848927709,3.6644741870705992,3.4585696777701997,3.283985854069789,3.135230596709299,2.9842972782323467,2.813980516899509,biomass
10,11,Iceland,GLU011,Iceland,ISL,352,Iceland,0.0,0.0,0.0,0.0,2.72158e-07,3.91463e-07,1.4128690000000002e-07,1.309293e-07,1.3970189999999997e-07,1.55304499e-07,1.55306e-07,1.532e-07,1.5242300000000001e-07,1.51297e-07,1.5002100000000002e-07,1.48783e-07,1.48017e-07,1.4734000000000002e-07,1.4673e-07,1.4588499999999999e-07,1.4492e-07,biomass
11,12,Sweden,GLU012,Sweden,SWE,752,Sweden,0.0,0.0,0.0,0.0,3.7176421849,7.2727057770000005,11.997670245,21.817485239000003,36.390732942999996,50.972039162090006,50.608387123494005,49.477968519175995,48.38597578847279,46.6855459013252,45.213100922245005,44.01100621212497,43.29140946136415,42.833255958063184,42.612343455943,42.35191066960573,41.857970714218766,biomass
12,13,Finland,GLU013,Finland,FIN,246,Finland,0.0,0.0,0.0,0.0,1.3878867058118,2.6724010885371,4.417568463942501,8.1508486023404,13.943643190502698,21.216965711707285,22.155963293495248,21.706434129762574,21.272147831943382,20.577810532753897,19.987790914854404,19.521946260618297,19.265897644686618,19.121872259223498,19.0812026348105,19.026733279632282,18.87779709506413,biomass
13,14,Northern_Dvina,GLU014,DvinaRN,RUS,643,Russian Federation,0.0,0.0,0.0,0.0,0.009359521704,0.018829439899,0.034629261472999995,0.06893628299999999,0.12310982032600001,0.20853248618221001,0.22908494958387995,0.220369583563838,0.213771678338926,0.203649346860316,0.19290888250779598,0.183645877403548,0.17675770359146997,0.17052800025638,0.16502061545451802,0.159309355505198,0.152507451931101,biomass
14,15,Hudson_Bay_Coast,GLU015,HudsonBay,CAN,124,Canada,0.0,0.0,0.0,0.0,0.0230290181,0.051261832449999996,0.09543524038,0.18838654609,0.34394491342000005,0.55482871560049,0.608187883877407,0.5809851876076799,0.5559325700487739,0.51995472504552,0.482781481410967,0.448877481232915,0.421878475007864,0.399186951,0.3799758783,0.3609262554,0.34000314260000003,biomass
15,16,Scotland,GLU016,Scotland,GBR,826,United Kingdom,0.0,0.0,0.0,0.0,1.2432733887,2.398672471,4.062754065,7.466344154,12.7027886724,18.428028808119,19.5432084192382,19.418692942578943,19.27348658211266,18.934645372873174,18.62882115547296,18.379126337570074,18.250540753548755,18.185446802718463,18.183663333192694,18.159193047500462,18.057998601742252,biomass
16,17,Neva,GLU017,NevaR,RUS,643,Russian Federation,0.0,0.0,0.0,0.0,0.074561887954,0.145130152383,0.251156508447,0.501800494497,0.966146741701,1.730723111176247,1.9265985964850423,1.8890872931065728,1.8607869960912862,1.8037203255313141,1.7437479975133128,1.694609116246033,1.664894291437382,1.6400934242754799,1.621212493083759,1.598780589867799,1.564106553246464,biomass
17,18,Volga,GLU018,VolgaR,RUS,643,Russian Federation,0.0,0.0,0.0,0.0,2.1826158897725896,4.48123729241152,8.898575638553,20.218926864206402,40.32339047167194,68.22316054488947,75.82445546807472,75.28371000409435,74.90426418940544,73.39589596685653,71.43139396389387,69.59866880542735,68.22989944245425,66.87609112822277,65.59278460769066,64.08918195685384,62.0902366952872,biomass
18,19,Atlantic_Ocean_Seaboard,GLU019,CanAtl,CAN,124,Canada,0.0,0.0,0.0,0.0,0.07382957000000001,0.16530706,0.35747334000000003,0.9896605399999998,2.20309307,3.9194095093999994,4.537736803975999,4.5139273736744,4.485808087884081,4.392359036846896,4.28114581905827,4.178323809355764,4.107016703750824,4.050236201709001,4.008053700777264,3.9569761004310475,3.8839406003907344,biomass
19,20,Baltic_Sea_Coast,GLU020,BalticSea,LVA,428,Latvia,0.0,0.0,0.0,0.0,0.09967332742999999,0.21663213606999998,0.42214598573,0.86049967232,1.5553131936700002,2.4760424930348703,2.6735711147932726,2.6208956681227136,2.559902620509274,2.449729110987563,2.3254493779245204,2.210744845583684,2.12567246563153,2.055726125553028,1.996808572570902,1.9336199652745352,1.852069760357867,biomass
20,21,Denmark_Germany_Coast,GLU021,DnkGrmCst,DNK,208,Denmark,0.0,0.0,0.0,0.0,0.31740872297600004,0.64362379918,1.2038040613699998,2.9500384557099997,5.836092620162,8.845194484229399,8.829520131421848,8.827006013440403,8.804961191589998,8.650498812112,8.5348397626474,8.464277596325157,8.47631683973526,8.532361870050199,8.63651295896109,8.72987969940111,8.773535247905178,biomass
21,22,Narva,GLU022,NarvaR,RUS,643,Russian Federation,0.0,0.0,0.0,0.0,0.048529770596,0.10145729115699999,0.20103152822,0.45408501752999997,0.9059316604359999,1.5462250640391997,1.70431559128433,1.680265815509466,1.658676402012998,1.6090637556673293,1.5495106199218782,1.494512029115229,1.4529958588147514,1.4142874160778203,1.378896465515667,1.339329590126899,1.288174190947825,biomass
22,23,Saskatchewan_Nelson,GLU023,NelsonR,CAN,124,Canada,0.0,0.0,0.0,0.0,1.3840555768000002,3.0574642582,6.331635272800001,15.824152186000003,33.95870957459999,58.874654677745,66.83131464262574,67.02912655743607,66.91927081990897,65.44017057214329,63.81590583213684,62.14358152351716,60.873799404479996,59.86504113153215,59.03461246045664,57.99049746025082,56.59284662012106,biomass
23,24,Ireland,GLU024,Ireland,IRL,372,Ireland,0.0,0.0,0.0,0.0,0.683125361,1.392366053,2.664265164,6.015183672,11.693065335,18.27890906518,19.728104510120005,19.778310099555,19.7878112026499,19.59832150458649,19.42479871207882,19.296924517936258,19.271885226352293,19.29196472158101,19.36188925663414,19.401587673018213,19.367903404489994,biomass
24,25,Daugava,GLU025,DaugavaR,BLR,112,Belarus,0.0,0.0,0.0,0.0,0.15958160397,0.34115154223,0.6415436548,1.2548244405900004,2.2548292128400007,3.5633245159436506,3.901059465671861,3.8378366063892133,3.772495001173855,3.646116885809741,3.5005316690196606,3.366475251166655,3.2691296058070916,3.1884893099593263,3.121600347452656,3.048510635060216,2.9516230373134418,biomass
25,26,England_and_Wales,GLU026,EngWales,GBR,826,United Kingdom,0.0,0.0,0.0,0.0,1.26225439,2.5343363,4.66777979,9.917103240000001,19.341918019999998,32.5051814472,35.95359278627,36.048356511415,36.031986235200996,35.529291551218705,35.102153226789895,34.7967134187222,34.756462779507,34.85461503707829,35.08983798816402,35.26171364655415,35.25716743344603,biomass
26,27,Fraser,GLU027,FraserR,CAN,124,Canada,0.0,0.0,0.0,0.0,0.25326124482,0.5454056045,1.0824723611,2.4444742563000004,4.64379838859,7.1113601062011,7.643348554797474,7.615381857284164,7.5871596399051,7.4786151000355,7.346998927172281,7.227023205030111,7.15155617059547,7.098215895392183,7.0685672699426565,7.0279850297214,6.958127498383351,biomass
27,28,Ems_Weser,GLU028,EmsWeserR,DEU,276,Germany,0.0,0.0,0.0,0.0,0.16042831700000001,0.32998506200000005,0.616264309,1.3394649099999998,2.6001924400000003,4.32644255627,4.651165029447601,4.61861476769,4.57872269439366,4.46786884615517,4.381649329943246,4.322318619478973,4.310964239792319,4.325924022226988,4.368551966341187,4.406768545788465,4.4182110447802705,biomass
28,29,Oder,GLU029,OderR,POL,616,Poland,0.0,0.0,0.0,0.0,0.3933373800199999,0.8267293075,1.6210262899999996,3.6948627483000003,7.047606990579999,11.3377562751453,12.716863698188448,12.815608215595113,12.866396963279486,12.756347482692062,12.601679999832234,12.474434080961233,12.449808312926082,12.479449392220769,12.553520617946049,12.60636754770203,12.58878457160654,biomass
29,30,Wisla,GLU030,WislaR,POL,616,Poland,0.0,0.0,0.0,0.0,0.6836820373250001,1.4313728691860002,2.7893954550699998,6.268738837019999,11.733330132855002,18.388595617184336,20.474224029749827,20.618086011138647,20.69789062912998,20.538512837463255,20.307160397163493,20.11706329686699,20.081482124700027,20.126970559226454,20.23929002487845,20.31921329066631,20.29336558092111,biomass
30,31,Elbe,GLU031,ElbeR,DEU,276,Germany,0.0,0.0,0.0,0.0,0.33708464162999996,0.706826438,1.3622445488000001,3.0349452741,5.91956450861,9.937653450833,10.884046965603373,10.887773865420963,10.856251490151612,10.658154133773975,10.472037569055862,10.333689903393681,10.305027015154243,10.336375777940246,10.42434946545014,10.498043768611474,10.50529238009274,biomass
31,32,Rhine,GLU032,RhineR,DEU,276,Germany,0.0,0.0,0.0,0.0,0.48892222249999995,0.951389697,1.668163855,3.7415113040000003,7.26974714,11.53815765785,11.623043841969,11.461756522147,11.347509909744302,11.0674254650621,10.837075349109801,10.663934893963788,10.626642472564988,10.64997323764511,10.732827919266008,10.790034721559195,10.780285344549869,biomass
32,33,Poland_Coast,GLU033,PolandCst,POL,616,Poland,0.0,0.0,0.0,0.0,0.10567974629200001,0.22240981536719998,0.4394777702724,1.002926165185,1.9160445355030997,3.085546373970266,3.4569492110303095,3.4766829094225367,3.4854332440353777,3.4492683372510355,3.398752060985421,3.35561834563975,3.339586040210088,3.3359651933319108,3.3427237164269967,3.3427493793619405,3.322782822567835,biomass
33,34,Churchill,GLU034,ChurchillR,CAN,124,Canada,0.0,0.0,0.0,0.0,1.580592e-06,1.9328239999999998e-06,4.6017e-07,3.84564e-07,3.7485799999999995e-07,3.77796e-07,3.69764e-07,3.59926e-07,3.5147399999999996e-07,3.4198e-07,3.3300800000000004e-07,3.2501600000000003e-07,3.18586e-07,3.13288e-07,3.0881e-07,3.0466200000000003e-07,3.0035599999999997e-07,biomass
34,35,Neman,GLU035,NemanR,LTU,440,Lithuania,0.0,0.0,0.0,0.0,0.19168262523566,0.41255927357337996,0.8238027382346,1.8098475247335,3.3341469431550697,5.178891746563924,5.650254117302953,5.645058232266588,5.621137272786943,5.513946171270333,5.37518516871311,5.24119768197959,5.1490601236568585,5.078455832403972,5.024449316203809,4.957659078454041,4.854362000293755,biomass
35,36,Scheldt,GLU036,ScheldtR,BEL,56,Belgium,0.0,0.0,0.0,0.0,0.060435858999999995,0.12297735000000001,0.226583388,0.518000402,1.042674044,1.6151988952499996,1.6077096720274,1.598268829292,1.5859766934015402,1.54901633765547,1.5207403371812003,1.5013900645055567,1.4983990737414408,1.5049297911591848,1.521041550700246,1.535628335542405,1.541356434783228,biomass
36,37,Russia_South_East_Coast,GLU037,RusCstSE,RUS,643,Russian Federation,0.0,0.0,0.0,0.0,0.030518358799999996,0.07279121,0.15312884370000002,0.38972906399999996,0.8464034276,1.414853325514651,1.5609081077956588,1.54278264217657,1.530904315532052,1.513308613021469,1.470861031398415,1.4359266551260181,1.410143021801806,1.3951894807513203,1.384939940285507,1.3726247501695579,1.3423542201452199,biomass
37,38,Ural,GLU038,UralR,RUS,643,Russian Federation,0.0,0.0,0.0,0.0,0.29983261709100006,0.6207075537790001,1.1909235649219998,2.433594252523,4.469537452834001,7.206061609651709,7.8912916409751,7.724551426218091,7.5787894913994895,7.315661127470592,6.990695680062074,6.6723054298541,6.426095424978541,6.1963625704806296,5.985432080041451,5.7637594355581285,5.494048001981831,biomass
38,39,Dnieper,GLU039,DnieperR,UKR,804,Ukraine,0.0,0.0,0.0,0.0,1.59813136752,3.3567668078,6.634216368200001,15.1193554965,28.4880241651,44.108897090248995,48.381963619622404,48.711293037137594,48.965930065373556,48.66938650146362,48.10841204415185,47.525970570542654,47.17340952355638,46.91315658539722,46.73597677961478,46.436468559788906,45.881819555793484,biomass
39,40,St_Lawrence,GLU040,StLwrncR,CAN,124,Canada,0.0,0.0,0.0,0.0,0.066998632,0.148363779,0.291745371,0.683333537,1.4641710780000001,2.63627643874,3.0489935856798,2.9844404801236997,2.920239937732879,2.801744914700549,2.669632907079937,2.54498220319089,2.447410201211942,2.36449910052333,2.294671700175022,2.219858000110233,2.1287169,biomass
40,41,France_West_Coast,GLU041,FranceCstW,FRA,250,France,0.0,0.0,0.0,0.0,0.447815395,0.9270418100000001,1.7756636200000002,4.226397229999999,8.98226783,13.861855713499999,13.93099337431,13.936688717026,13.904366345312,13.660762666778702,13.462220062644299,13.320956308355198,13.303397536232703,13.3547119814717,13.475101063085809,13.572385382207882,13.588610778096307,biomass
41,42,Gobi_Interior,GLU042,Gobi,CHN,156,China,0.0,0.0,0.0,0.0,0.04766469711,0.11841208117,0.27868799814,0.8838366749400001,2.5378253577299996,5.804393835926449,7.253325972884747,7.654796699736667,8.0546299161157,8.345304560399954,8.366832712907794,8.373234770102805,8.392210764390484,8.417864480733193,8.404949096855374,8.3017533596,7.955744327900002,biomass
42,43,Amur,GLU043,AmurR,RUS,643,Russian Federation,0.0,0.0,0.0,0.0,0.48661910543299997,1.171416010497,2.6507914217239996,7.628726562834,19.933356458841,39.35296411625295,46.206773359595715,47.222409103162,48.234447468963715,48.85488462102625,48.19642996530489,47.58101575376612,47.041317265137415,46.710765778305465,46.357200581265545,45.7512478783921,44.14446871748397,biomass
43,44,Loire,GLU044,LoireR,FRA,250,France,0.0,0.0,0.0,0.0,0.46086831000000006,0.9499637299999999,1.80147722,4.2628632,8.85531359,13.549930464100001,13.600036416800004,13.604522717869001,13.569230433951999,13.3279963593787,13.129356055375302,12.9863760027356,12.964332133386801,13.008826879755892,13.11978146195205,13.208731881156709,13.219788476607679,biomass
44,45,Caspian_Sea_Coast,GLU045,CaspianNE,KAZ,398,Kazakhstan,0.0,0.0,0.0,0.0,0.15080812943999997,0.31708761836000005,0.6558680053099999,1.5822454977099998,3.3099615269099996,6.0294685956085,6.824860400070699,6.758599569093981,6.697475390089277,6.518507164277368,6.279333504276232,6.0459193369656905,5.875118133396564,5.7130628593260955,5.563077324618792,5.397506037366085,5.184460607155979,biomass
45,46,Seine,GLU046,SeineR,FRA,250,France,0.0,0.0,0.0,0.0,0.370332224,0.76153299,1.43321439,3.4447102100000007,6.9463244390000005,10.729052014499999,10.797996762560999,10.816058656961799,10.796925505771801,10.6091191212674,10.46156932819004,10.362789975900652,10.36227993564027,10.415906833362532,10.52353683864826,10.6136696661571,10.642800162693574,biomass
46,47,Black_Sea_North_Coast,GLU047,BlackSeaN,UKR,804,Ukraine,0.0,0.0,0.0,0.0,0.46847665245,0.9374483243,1.7799347423999998,4.011071509,8.15104103271,14.595388861092902,16.65077439605838,16.76000706745906,16.833574765203366,16.611924610546957,16.25386002338161,15.890007611920133,15.644084712659698,15.436851230027912,15.262889931269985,15.033248990745294,14.68100751991037,biomass
47,48,Yenisei,GLU048,YeniseiR,RUS,643,Russian Federation,0.0,0.0,0.0,0.0,0.25247875873,0.5191330680999999,0.9638856235900001,1.9020207870999999,3.5865470907699994,6.343508293275001,7.0892601922702605,6.881368858070981,6.71296881596978,6.409849353950061,6.0617604872744035,5.744232389184891,5.508747887445438,5.292309055081723,5.097418799420545,4.893095135716077,4.644628240937367,biomass
48,49,Dniester,GLU049,DniesterR,UKR,804,Ukraine,0.0,0.0,0.0,0.0,0.16022636170592003,0.34184961585639995,0.6836820740365,1.5789149193159,3.0424944566227996,4.904710245378578,5.445918110564916,5.49953042197554,5.537335993023791,5.5081937247282875,5.445088852122275,5.376139015345371,5.339378273081335,5.323090901684419,5.322087784260005,5.3084380502146375,5.266575612096913,biomass
49,50,Italy_East_Coast,GLU050,ItalyCstE,ITA,380,Italy,0.0,0.0,0.0,0.0,0.06666036599999998,0.138115429,0.27065026,0.64099653,1.3210733989999996,2.28256703307,2.5192362743489998,2.525658023072,2.5247697836061005,2.4891475727740002,2.4640197418586,2.45090048888095,2.4609810855447902,2.4847291429274603,2.5218819229470903,2.5568538157247844,2.581029515473252,biomass
50,51,Japan,GLU051,Japan,JPN,392,Japan,0.0,0.0,0.0,0.0,0.10666204800000001,0.242299322,0.5421835540000001,1.811778208,4.721800694,9.0166282270876,10.128299653911629,9.993691822743372,9.748659604782862,9.318445702513511,8.835726901944223,8.414660901407961,8.247492500610711,8.238886600174355,8.2830291,8.3013374,8.227721899999999,biomass
51,52,Caspian_Sea_East_Coast,GLU052,CaspianE,TKM,795,Turkmenistan,0.0,0.0,0.0,0.0,0.207951505,0.462006265,0.980535117,2.564791374,6.068155230699999,12.14599220148528,14.361261918882551,14.41914924191914,14.41576265465673,14.167589704349998,13.79925684705291,13.336209773063606,13.038748425788421,12.841717210314686,12.565415004367324,12.185398902347458,11.88746400197029,biomass
52,53,Don,GLU053,DonR,RUS,643,Russian Federation,0.0,0.0,0.0,0.0,0.8872615054040001,1.838896962376,3.6953195372499996,8.63730689238,18.033552111951,32.57193762324473,36.99610962072053,36.889375555453846,36.812098598479096,36.08087834509677,35.07417059760913,34.110241753529536,33.3958676262703,32.70197192311618,32.04772142039123,31.269692949266055,30.219909214335903,biomass
53,54,Danube,GLU054,DanubeR,ROM,642,Romania,0.0,0.0,0.0,0.0,1.240563982869,2.5982639878050002,5.01160728246,11.3717368217,22.171260193339997,37.241557737411995,41.22049713817197,41.322446460079284,41.25143020587617,40.582179312288886,39.83208840408883,39.20381929228009,38.97579894337828,38.98644057288282,39.19442701076353,39.33992956349732,39.242170463531735,biomass
54,55,Adriatic_Sea_Greece_Black_Sea_Coast,GLU055,AdrBlkSea,GRC,300,Greece,0.0,0.0,0.0,0.0,0.14492058519999998,0.3146828413,0.6324471948,1.5762251876000002,3.3067895774,5.844009809189,6.65996829224623,6.690998570564619,6.6831043239182994,6.56662924272368,6.434818976274986,6.328330900812817,6.291063560518523,6.297161240095886,6.337242540558475,6.3651016971534515,6.3575379568242685,biomass
55,56,Ob,GLU056,ObR,RUS,643,Russian Federation,0.0,0.0,0.0,0.0,1.719097001697,3.5516887794199996,6.7672073929900005,13.524025408619996,24.031082918636997,37.681302395693216,40.91720301425305,39.92573093361111,39.09101989992793,37.69065006835808,35.99063397029045,34.35479594814983,33.095376541816584,31.9372783674892,30.882904530325153,29.782938060899426,28.445666070494507,biomass
56,57,Po,GLU057,PoR,ITA,380,Italy,0.0,0.0,0.0,0.0,0.11854992831,0.2378707908,0.4275958852,0.8540792913999999,1.6044999551999999,2.71817729275,2.871268356978,2.8339442401917,2.7983904091469003,2.72284025994102,2.6630420919483195,2.61978645166862,2.6087407613409503,2.6159089516522798,2.640278408045784,2.6623217601643985,2.6699896715672273,biomass
57,58,Amu_Darya,GLU058,AmuDaryaR,UZB,860,Uzbekistan,0.0,0.0,0.0,0.0,0.11412876269000001,0.259200608568,0.5604689616499999,1.5136591822100003,3.6336410861840003,7.637031749867409,9.137580644555591,9.228360186361455,9.302351070550625,9.2744485080643,9.1195031097423,8.916126546832903,8.85319537045353,8.80736704855857,8.779519667660415,8.742483948687347,8.61297209775204,biomass
58,59,Italy_West_Coast,GLU059,ItalyCstW,ITA,380,Italy,0.0,0.0,0.0,0.0,0.042198472,0.08809964899999997,0.170987331,0.39306121,0.8273889279999999,1.4535092089400001,1.5935744633979996,1.5904816820680003,1.5825777167069002,1.5495841776569999,1.5239793244872,1.5065514236542403,1.50517405603644,1.5132890281334304,1.5306564150489388,1.5463693102864997,1.553385910033988,biomass
59,60,Spain_Portugal_Atlantic_Coast,GLU060,IberiaCst,ESP,724,Spain,0.0,0.0,0.0,0.0,0.0244420703,0.052761511,0.11050303999999998,0.295973829,0.6241037599999999,1.1092948034499999,1.1830399173180004,1.1889198002611001,1.1884849058008,1.1659403076839598,1.1450259527545599,1.12832634701013,1.1219101327719503,1.1200551062921569,1.1227306539230109,1.1219693594160258,1.1127952090985282,biomass
60,61,France_South_Coast,GLU061,FranceCstS,FRA,250,France,0.0,0.0,0.0,0.0,0.069523649,0.14385714400000002,0.270693785,0.5796569910000001,1.0721948860000001,1.6854391846599999,1.77961717576,1.7664557579342,1.7504508287989997,1.7107890698543002,1.6771527854716899,1.6512130014168,1.6402995215233103,1.6375705022974871,1.6425570539195438,1.645210153391367,1.639043922736783,biomass
61,62,Rhone,GLU062,RhoneR,FRA,250,France,0.0,0.0,0.0,0.0,0.35503067130000004,0.7124712652999999,1.2714900145,2.5974690999999996,4.893840896,8.107600320960001,8.036302189629,7.936268413446999,7.8365659333719995,7.6237982609164,7.4428315101588005,7.3007572391578,7.239539487108839,7.22055905154516,7.241332037892411,7.250693825655296,7.216955481966933,biomass
62,63,Mediterranean_Sea_Islands,GLU063,MeditIsl,ITA,380,Italy,0.0,0.0,0.0,0.0,0.01393938138,0.029900614800000003,0.0626619957,0.16906565610000004,0.3689956949,0.593375433678,0.5997578135378,0.5989091592628202,0.5957865691477099,0.581612830101744,0.5687908547044919,0.55810851249002,0.55228658628905,0.548679173376742,0.547170643376076,0.5438778855720281,0.536149219413017,biomass
63,64,Gironde,GLU064,Gironde,FRA,250,France,0.0,0.0,0.0,0.0,0.18594659,0.38171168999999994,0.71142322,1.5608022,3.1685370400000004,5.3334139151,5.32834127065,5.288853142369999,5.2380895482840995,5.1046255855884,4.9931871968522,4.9080012535117,4.877441596359489,4.8780203122664,4.9085231735195,4.93260612128607,4.925827118236251,biomass
64,65,North_and_South_Korea,GLU065,Korea,KOR,410,"Korea, Republic of",0.0,0.0,0.0,0.0,0.16968786600000002,0.383711779,0.780476307,2.159653919,4.437867203300001,6.8409843855801205,7.575364418642903,7.629679802260538,7.6563638002723176,7.6091149001144665,7.5523935,7.5101364,7.5288517000000015,7.596700800000001,7.707706199999999,7.8333318,7.950202600000001,biomass
65,66,Bo_Hai_Korean_Bay_North_Coast,GLU066,BoHai,CHN,156,China,0.0,0.0,0.0,0.0,0.148338456,0.38741572,0.91747747,2.8971780299999996,7.7773968380000005,15.1139471325719,17.605992108743923,18.20212060079263,18.8068924,19.347690200000002,19.387137000000003,19.4368542,19.503004500000003,19.676499800000002,19.8500898,19.928329,19.602821799999997,biomass
66,67,Spain_South_and_East_Coast,GLU067,SpainCstSE,ESP,724,Spain,0.0,0.0,0.0,0.0,0.030023499,0.06336722000000002,0.127457876,0.3123380800000001,0.704270034,1.3913453329899999,1.579055059718,1.5861896298313998,1.5822423443868,1.5443336637189,1.50888126211334,1.47900355313542,1.4640989041717702,1.456520521828862,1.455333646790054,1.448932321303347,1.429823340848971,biomass
67,68,Lake_Balkash,GLU068,LBalkash,KAZ,398,Kazakhstan,0.0,0.0,0.0,0.0,0.09261146782999999,0.21173155799,0.4880046714,1.3771920149999999,3.166153864,5.84079598183267,6.70444150205402,6.83898622335311,6.951144049479255,6.991658889728215,6.923090511792257,6.8251617538058005,6.763340225397171,6.70054396162934,6.632597742860114,6.537270574543816,6.361081763302578,biomass
68,69,Tiber,GLU069,TiberR,ITA,380,Italy,0.0,0.0,0.0,0.0,0.020496248,0.04238929,0.080938193,0.18116048,0.374566733,0.66482069607,0.7358246059059999,0.7333905068384,0.7291502607519001,0.7137102145189101,0.7018212738753798,0.69373227730511,0.69302220602002,0.696740763087099,0.7048056170126651,0.712219744799918,0.715703694685385,biomass
69,70,Black_Sea_South_Coast,GLU070,BlackSeaS,TUR,792,Turkey,0.0,0.0,0.0,0.0,0.19453939958645397,0.44103427292832603,0.9075164539999999,2.2378070417999996,4.44440483973,7.313645155765999,8.208047022444848,8.17652231460869,8.094931647213645,7.866599053906429,7.613978610919874,7.385949317985623,7.23452908288538,7.129904498797637,7.056830518227622,6.959598787700584,6.817045931508471,biomass
70,71,Tagus,GLU071,TagusR,ESP,724,Spain,0.0,0.0,0.0,0.0,0.06851998980000001,0.143774747,0.28650138799999997,0.6779242229999999,1.4176309519999997,2.5123890940000004,2.7739625745892,2.7874297835587005,2.78823087786373,2.7432361325472407,2.70256951424451,2.67076355094187,2.6611578185328986,2.6626139286118438,2.6746289955067293,2.6797387771817536,2.6675096166799874,biomass
71,72,Caspian_Sea_South_West_Coast,GLU072,CaspianSW,IRN,364,"Iran, Islamic Republic of",0.0,0.0,0.0,0.0,0.29216759565706996,0.6354171211284,1.3380894050537,3.6045912773629,7.893119134401978,13.735429291645282,15.62120548101144,15.709148764123553,15.71934113129214,15.490970727824495,15.229794703576482,14.84676160992311,14.57412408719854,14.498985863235427,14.247402465390623,13.849310760590917,13.824208817105514,biomass
72,73,Ebro,GLU073,EbroR,ESP,724,Spain,0.0,0.0,0.0,0.0,0.338358612,0.700972311,1.3577635920000002,3.0017537499999993,5.802808246,9.24651283203,9.82516810431,9.887237338641501,9.9202136621006,9.8315926661024,9.74912916765702,9.688734005204719,9.68588555958469,9.70942187737969,9.759912192941467,9.788526262536275,9.769931160734785,biomass
73,74,Douro,GLU074,DouroR,ESP,724,Spain,0.0,0.0,0.0,0.0,0.41465689600000005,0.8659590640000001,1.6740006520000001,3.726397939,7.055076522,10.615390294769998,10.660708980448002,10.723657285888,10.756258161318303,10.6542754435316,10.560891330156851,10.49334592194581,10.49063248567039,10.517589611035332,10.575399866405833,10.60977862858595,10.592528286382763,biomass
74,75,Mediterranean_Sea_East_Coast,GLU075,MeditE,TUR,792,Turkey,0.0,0.0,0.0,0.0,0.23247394,0.518446174,1.0538944690000003,2.488294207,4.9621567588,8.434087518562139,9.377746375836615,9.409335587467998,9.435720431812431,9.32348146475418,9.063163634697704,8.799918416959216,8.622084406482994,8.528655802641326,8.411981000980788,8.233518000577513,8.109037100485581,biomass
75,76,Syr_Darya,GLU076,SyrDaryaR,KAZ,398,Kazakhstan,0.0,0.0,0.0,0.0,0.15138856480000004,0.3390119633,0.7556907926,2.1935033996,5.419217682100001,11.691421160623,14.073032945297822,14.278321114850286,14.423541563675572,14.375003633234002,14.10857069965034,13.753751562277861,13.583949814637158,13.421348437401887,13.272556265414199,13.081675543787325,12.736299821476893,biomass
76,77,Ziya_He_Interior,GLU077,ZiyaHe,CHN,156,China,0.0,0.0,0.0,0.0,0.07669543999999999,0.21635717000000002,0.5619454999999999,1.945842,5.618501353,11.5589728305469,14.092713000847912,14.838322999999999,15.590297,16.322451,16.636311,16.96525,17.294524,17.717935999999998,18.136395999999998,18.47103,18.437738,biomass
77,78,China_Coast,GLU078,ChinaCst,CHN,156,China,0.0,0.0,0.0,0.0,0.15947177,0.44129369999999996,1.088549,3.5113906,9.575467084,18.203321877870497,20.911450002116368,21.536930000136785,22.22683,22.91469,23.008319999999998,23.172399999999996,23.37382,23.740479999999998,24.12632,24.43778,24.2789,biomass
78,79,Huang_He,GLU079,HuangHeR,CHN,156,China,0.0,0.0,0.0,0.0,0.29081236,0.8287410900000001,2.1885656100000004,7.712641530000001,21.607873026,41.5659590002418,48.64531000074267,50.870853,53.097795,55.088854999999995,55.856708999999995,56.614864999999995,57.330994,58.190578,58.940698,59.355658999999996,58.706629,biomass
79,80,Mediterranean_South_Coast,GLU080,MeditS,LBY,434,Libyan Arab Jamahiriya,0.0,0.0,0.0,0.0,0.07778611926561999,0.18975657047453,0.4461799903704,1.3432738898449,3.27008120001711,5.9849258131368,6.831433943486721,6.717343814878684,6.540016643241,6.221541371185,5.856433069784001,5.5332288146119994,5.307308650953,5.151583554181999,5.036539498623,4.905476431857999,4.736901337791001,biomass
80,81,Guadiana,GLU081,GuadianaR,ESP,724,Spain,0.0,0.0,0.0,0.0,0.0463552991,0.0985544387,0.19939741500000002,0.485864881,1.0654701609999997,1.99544888475,2.1858975938118,2.1996335318104,2.2004113692905003,2.16021832003644,2.1243855573681496,2.095621630865739,2.0868790070050003,2.087655512931462,2.097714787229608,2.1017264915916316,2.090266981260446,biomass
81,82,Central_Iran,GLU082,Iran,IRN,364,"Iran, Islamic Republic of",0.0,0.0,0.0,0.0,0.1387032,0.30407280000000003,0.6435408,1.8914050000000002,4.967678599999999,10.319309822100001,12.43696119646,12.5501401691953,12.531880028162307,12.16819001097343,11.86494000623943,12.2101300043626,13.167630003926831,13.09297000151758,12.97476000069535,12.731830000417471,12.571350000333894,biomass
82,83,Guadalquivir,GLU083,GuadalqR,ESP,724,Spain,0.0,0.0,0.0,0.0,0.0266773697,0.05674873299999999,0.11462435400000003,0.28349295999999996,0.6410829819999998,1.2131504466400003,1.357850643277,1.3763717917528997,1.3815650957373,1.35775643231708,1.3358269909552498,1.3181007610951299,1.3135680843741502,1.316071937023481,1.324922324290853,1.329563519669441,1.323387199370724,biomass
83,84,Tigris_Euphrates,GLU084,TigrEuphR,IRQ,368,Iraq,0.0,0.0,0.0,0.0,0.32059182527,0.7213030824600002,1.5097274735,3.9260546745,9.004089230920002,16.6277226837181,18.744182429995856,18.649459376935734,18.41232276239405,17.653331365421224,16.94048124834102,16.12145127780672,15.505458131842305,15.187916569095487,14.67325352441106,14.44205422137505,14.028392585325804,biomass
84,85,Tarim_Interior,GLU085,Tarim,CHN,156,China,0.0,0.0,0.0,0.0,0.013768459,0.03481871,0.08502219999999999,0.27853159,0.810574362,1.86776204257724,2.28243282343,2.365799925351,2.446319239661,2.4876740899104,2.4459750442603,2.3987780223176003,2.36722200827993,2.3427670034477304,2.3133750015287102,2.263383000833985,2.147299000680902,biomass
85,86,Africa_North_West_Coast,GLU086,AfrCstNW,MAR,504,Morocco,0.0,0.0,0.0,0.0,0.023975321451999997,0.058659744639,0.13675211402100002,0.417176348018,1.065094074845,2.1101451801269047,2.4343508519636976,2.3802506122,2.3032108514000003,2.1739246128,2.027888388,1.9003318197999999,1.8103576472,1.7475535710999999,1.7005722045,1.6453907209999998,1.5757320690999999,biomass
86,87,Nile,GLU087,NileR,SDN,736,Sudan,0.0,0.0,0.0,0.0,2.8236349961742206,6.2157413172495,9.787266278803688,15.408484496505093,24.139132988502116,35.0886250719849,37.74196007915878,35.761135728751775,33.83323721335432,31.317062077458303,28.787907210740574,26.551045201647007,24.766499949695586,23.57859514561224,22.66075307884864,21.783702460343488,20.88960533314038,biomass
87,88,Persian_Gulf_Coast,GLU088,PersianGulf,IRN,364,"Iran, Islamic Republic of",0.0,0.0,0.0,0.0,0.04545435999999999,0.10037120000000001,0.2146285,0.6525979,1.8128003,4.0577817912,4.9964905156574,5.068240073505231,5.08316001231073,4.947680004814467,4.831940002748291,4.9469300018760585,5.130460001095756,5.098670000417776,5.044960000129854,4.936150000117861,4.86825,biomass
88,89,Indus,GLU089,IndusR,PAK,586,Pakistan,0.0,0.0,0.0,0.0,0.18587666525,0.42567232203999994,0.94665823933,2.936595021689999,7.979564858237601,18.074224220472164,22.96623779327139,23.09082301684586,23.18599411525318,22.95731369030279,22.614732547139102,22.288068444,22.565711650000004,22.992699682,23.445953098,23.893548168,24.22829669,biomass
89,90,Farahrud,GLU090,FarahrudR,AFG,4,Afghanistan,0.0,0.0,0.0,0.0,0.015433087999999998,0.035021938,0.074864752,0.22980209099999999,0.6235221868,1.27658636918786,1.5177569235316002,1.5353440174820603,1.5421582029126362,1.5200749010662098,1.4931650006104211,1.4533302003334199,1.4213464001142673,1.4089009000000001,1.3693050999999998,1.3163566000000002,1.3952076999999998,biomass
90,91,Baja_California,GLU091,MexBaja,MEX,484,Mexico,0.0,0.0,0.0,0.0,0.02233135923,0.045262772970000004,0.10194236206,0.2910074778999999,0.63926097904,1.1727116072410997,1.3464775275088723,1.37074037615591,1.40324920741761,1.404864098476702,1.408116030714798,1.414002853290309,1.4243704739999998,1.4319649399999999,1.4399342979999998,1.438976164,1.431524827,biomass
91,92,Plateau_of_Tibet_Interior,GLU092,Tibet,CHN,156,China,0.0,0.0,0.0,0.0,0.0,0.0,0.0,0.0,0.0,0.0,0.0,0.0,0.0,0.0,0.0,0.0,0.0,0.0,0.0,0.0,0.0,biomass
92,93,Red_Sea_East_Coast,GLU093,RedSeaE,SAU,682,Saudi Arabia,0.0,0.0,0.0,0.0,0.5119242,1.2937379999999998,3.0016220000000002,8.377988,18.8281227,31.82729082833,36.83444000518151,37.046540000370996,37.20558,39.2188377205,38.2074563694,37.243282974299994,36.664776598219994,36.26231300669,35.90841122868,35.435050525604,34.85351028681,biomass
93,94,Arabian_Peninsula,GLU094,ArabianP,SAU,682,Saudi Arabia,0.0,0.0,0.0,0.0,0.49618149999999994,1.2292779999999999,2.941383,10.18981,28.204607199999998,62.01750898776,75.09570054352572,76.2440000615974,76.68660000838294,75.50350000298354,73.8345000016205,71.59060000086902,70.40240000030926,70.53760000012534,72.46830000013985,73.28770000045604,70.62430000187926,biomass
94,95,Dead_Sea,GLU095,DeadSea,JOR,400,Jordan,0.0,0.0,0.0,0.0,0.012274209999999999,0.02763819,0.0592766,0.16041227,0.41919856000000005,0.91546071238,1.04301706298152,1.0516140084996881,1.1747910072963201,1.1510280088914149,1.11687500835299,1.064975007311781,1.02629100458893,1.01269000252256,0.96773300218182,0.90093100426127,0.89323200546583,biomass
95,96,Mexico_Northwest_Coast,GLU096,MexCstNW,MEX,484,Mexico,0.0,0.0,0.0,0.0,2.1884033167549997,4.282186581777,8.102883322050001,16.698404500370003,29.446302763563992,41.12157086715892,43.78240474799722,44.02058066510875,44.43594239792787,44.36735189353098,44.32413982161029,44.361509152590735,44.51871905543004,44.57357126813288,44.65691333955171,44.58956905788263,44.425537642284134,biomass
96,97,Helmand,GLU097,Helmand,AFG,4,Afghanistan,0.0,0.0,0.0,0.0,0.020614115800000003,0.051010348,0.10884932,0.291482859,0.827033177,1.7873540016435037,2.210303504530172,2.174605000611925,2.1464502001030272,2.0813407,2.0073832000000005,1.9455621,1.9178798,1.9117521,1.9081961,1.88016743,1.83857231,biomass
97,98,Sinai_Peninsula,GLU098,SinaiP,EGY,818,Egypt,0.0,0.0,0.0,0.0,0.00013118258000000002,0.000314497,0.00073809151,0.0022772352,0.005199076590000001,0.009773416778253,0.01116501412596,0.010974504,0.010694542,0.010110397,0.009452916,0.008840243,0.008424712,0.008128454,0.007880411,0.007614215,0.007330441,biomass
98,99,Eastern_Jordan_Syria,GLU099,EJrdnSyr,SAU,682,Saudi Arabia,0.0,0.0,0.0,0.0,0.022924663787,0.05261480138999999,0.11353586542000002,0.32932777436000005,0.848746871901,1.9480320017896802,2.374847760144311,2.376944911930174,2.3512245241355494,2.235414057528871,2.129562101038488,2.0066540563000004,1.9163506498,1.8677429489000001,1.7826994389000002,1.6658251750000002,1.6189680763999998,biomass
99,100,Africa_Red_Sea_Gulf_of_Aden_Coast,GLU100,AfrCstNE,SOM,706,Somalia,0.0,0.0,0.0,0.0,0.08965929469199999,0.214236035848,0.38841723252399996,0.6908358175530002,1.1711660901469,1.8116189039469042,2.0402508236449095,1.9454986614299998,1.8507121274999998,1.7181312400500002,1.58514507667,1.4645984652499997,1.36707422557,1.29935110081,1.2419806322899998,1.18490653092,1.1303686976499998,biomass
100,101,Caribbean,GLU101,Caribbean,CUB,192,Cuba,0.0,0.0,0.0,0.0,0.5323010665700001,1.1956991945899997,2.4286317013000005,5.340210034700002,9.917264548700002,15.031923408577699,16.57959346892714,16.81055391690852,17.095295769403727,17.13567083857896,17.16734130145287,17.182196405994286,17.22363100420448,17.287418071,17.390173751,17.382470117,17.29944331,biomass
101,102,HamuniMashkel,GLU102,HamuMashR,PAK,586,Pakistan,0.0,0.0,0.0,0.0,0.01802511982,0.041089145300000005,0.09199648112,0.30684101898,0.9139809308793999,1.9906678035251,2.422979282229101,2.4856011523056614,2.532314845385024,2.540880504965839,2.534249248305596,2.5213871174108653,2.5292789757999996,2.5498830285,2.6448777162,2.6489201876,2.6479193923,biomass
102,103,Taiwan,GLU103,Taiwan,TWN,158,Taiwan,0.0,0.0,0.0,0.0,0.003933577132,0.008956773841999999,0.00445147659,0.0064164541500000005,0.013625379334,0.02196793290969,0.02297352089268,0.02257818498886,0.0220644967,0.021227787999999997,0.0201945206,0.0192907468,0.0188298885,0.018685771200000003,0.018649299700000004,0.0185653198,0.018266222,biomass
103,104,Arabian_Sea_Coast,GLU104,ArabianSea,PAK,586,Pakistan,0.0,0.0,0.0,0.0,0.050544019999999995,0.11640823,0.26496214,0.88941892,2.6032483060000002,5.278959529539101,6.2473722295475,6.413432030523501,6.54945500484187,6.618886001988015,6.702619002570621,6.687054044316936,6.766972020108155,6.854093008527791,6.941905003904089,7.012711002053101,7.054954001543579,biomass
104,105,North_Gulf,GLU105,MexGulf,MEX,484,Mexico,0.0,0.0,0.0,0.0,0.30216805700000005,0.6220719229999999,1.292882039,3.111901364,6.7767698009999995,11.959314101723999,13.17452246199567,13.33680944412991,13.603630955902483,13.588952424609152,13.627950512053719,13.689788625010594,13.792586771468029,13.886126290510502,13.994419630212828,14.026918340136886,14.011248610137347,biomass
105,106,Yangtze,GLU106,Yangtze,CHN,156,China,0.0,0.0,0.0,0.0,0.24602886000000002,0.6740833,1.6764789,5.5191026999999995,15.188995409999999,30.1006545369112,35.23804000552696,36.595430000488605,38.05661,39.470420000000004,39.78646,40.21936,40.72077,41.50018,42.29397,42.919039999999995,42.63754,biomass
106,107,Sabarmati,GLU107,SabarmatiR,IND,356,India,0.0,0.0,0.0,0.0,0.901520957,1.93238601,3.956495124,10.282349806000001,21.437730021000004,36.450480762306995,41.41484472561517,41.625713338971664,41.89339750593006,41.871970001973374,41.80254580095855,41.97348540031144,42.6944319,43.716925,44.8917671,45.9350788,46.7146532,biomass
107,108,Xun_Jiang,GLU108,XunJiang,CHN,156,China,0.0,0.0,0.0,0.0,0.038747773277000006,0.10428545614000001,0.245978547288,0.7721071158105,2.0842680035962298,4.02418393551157,4.607511413330182,4.688149253909,4.786934763245,4.887046058270999,4.847250186013,4.830701084483,4.8285781676560005,4.868403879223999,4.916063067791,4.950394809481001,4.87709997155,biomass
108,109,Hong_(Red_River),GLU109,Hong,VNM,704,Viet Nam,0.0,0.0,0.0,0.0,0.0187497548,0.042296063999999994,0.06308220179999999,0.18225940475,0.499861007835,0.9722219321862281,1.1232353213,1.1448944392,1.1685242609000002,1.1894533524,1.1780388585000001,1.1698829549,1.1637202706,1.1653796732,1.1676554413,1.1655267746999998,1.1391214038999997,biomass
109,110,Ganges_Bramaputra,GLU110,GangesR,IND,356,India,0.0,0.0,0.0,0.0,0.31090884249,0.70251491283,1.5229273718000003,4.3089189217,9.975129692870002,18.726696166715136,21.692783528467423,21.748416258656913,21.86570328115371,21.785886593526516,21.60414142077145,21.610039275347095,21.979826568,22.604920843,23.386547447999998,24.154323763000004,24.773086678,biomass
110,111,Yucatan_Peninsula,GLU111,YucatanP,MEX,484,Mexico,0.0,0.0,0.0,0.0,0.17906665649999998,0.393223938,0.810301804,2.0175854749999997,4.413370061599999,7.882336944509001,8.86099795977132,8.91856434966286,9.033883141939244,8.967134559278453,8.919647504488674,8.893376451772506,8.907975600472538,8.92887106,8.976436210000001,8.971424240000003,8.93341397,biomass
111,112,South_China_Sea_Coast,GLU112,SChinaSea,CHN,156,China,0.0,0.0,0.0,0.0,0.0052571285199999995,0.0137452288,0.031457977938,0.10404435004899999,0.3042163249114901,0.6364930752303051,0.7636187838599999,0.794356509046,0.828509646376,0.8627661900400001,0.872672123167,0.886113747417,0.9017195096670001,0.9246824696439999,0.948508104686,0.9689303708149999,0.967996026024,biomass
112,113,Mahi,GLU113,MahiR,IND,356,India,0.0,0.0,0.0,0.0,0.01286731075,0.027754444099999994,0.0616461786,0.18019470299999998,0.38205203039999996,0.6623385177982299,0.762953639911375,0.778624928770166,0.790372509119152,0.79352713,0.794019398,0.798497956,0.8145445870000001,0.8379233159999999,0.865524808,0.8911729680000001,0.911719604,biomass
113,114,Mexico_Interior,GLU114,MexInt,MEX,484,Mexico,0.0,0.0,0.0,0.0,1.4791052301,2.912330623000001,5.589660291,12.063106458,21.10733081,29.905280812100997,31.96108446151472,32.238661779554164,32.629063567929016,32.6589803046843,32.688742761782336,32.73965405470446,32.83697678129637,32.89481849047672,32.96029339019108,32.89775853012046,32.74224550012071,biomass
114,115,Pacific_Central_Coast,GLU115,MexCstW,MEX,484,Mexico,0.0,0.0,0.0,0.0,0.042125618999999996,0.09010535000000001,0.19482398,0.50166737,1.24167473,2.67517992654,3.0656759804448,3.09279323124139,3.1600662239714903,3.1291045109911804,3.121944405623818,3.129601602419636,3.1582724007746976,3.186863000247304,3.224824300114597,3.2396409,3.2397289999999996,biomass
115,116,Bay_of_Bengal_North_East_Coast,GLU116,BengalBay,MMR,104,Myanmar,0.0,0.0,0.0,0.0,0.1226378376,0.2638389459,0.47952599519999994,1.0094727457,1.8987883939100003,2.947643189983182,3.2041163997986706,3.153213606837363,3.0963133550157913,3.0046551718193903,2.906693700925402,2.826515950419485,2.788527810135984,2.7794866299999996,2.7887527899999998,2.79279276,2.7845855000000004,biomass
116,117,Tapti,GLU117,TaptiR,IND,356,India,0.0,0.0,0.0,0.0,0.4739488915,0.9851943179000002,1.9181838882,4.279166046500001,6.9837034546000005,9.350256117438398,9.95852939484797,9.986150870088547,10.02544756146041,10.023408960510954,10.012603500243856,10.038585920101609,10.14361138,10.291950889999999,10.4601088,10.60254592,10.70242762,biomass
117,118,Yasai,GLU118,BengalW,IND,356,India,0.0,0.0,0.0,0.0,0.012347283,0.026541085,0.054970573,0.15037040000000002,0.3290613592,0.5962823464986,0.6830289022026939,0.684200701671251,0.688626680200622,0.6890024399999999,0.6911150300000001,0.70132841,0.72618572,0.7613380900000001,0.8036216899999999,0.8467078899999999,0.8870161999999999,biomass
118,119,Philippines,GLU119,Phlppns,PHL,608,Philippines,0.0,0.0,0.0,0.0,0.0383212633,0.083455557,0.16213800300000003,0.48784365700000004,1.2068097022999997,2.3493088745431994,2.6854183095135182,2.7452581010355868,2.79506000010061,2.7970854,2.7875872999999998,2.7886222,2.8312835,2.9067886,3.0072559000000005,3.1015227999999997,3.1820644000000002,biomass
119,120,Brahmani,GLU120,BrahmaniR,IND,356,India,0.0,0.0,0.0,0.0,0.014309909899999999,0.030711254599999998,0.0641899041,0.1764556182,0.37706196829999994,0.6625451999301001,0.7535025889504999,0.75500841116124,0.7593191301169301,0.75870586,0.7592423899999999,0.76741669,0.78959604,0.82105501,0.8583654,0.89489328,0.9270393800000001,biomass
120,121,North_Marina_Islands_and_Guam,GLU121,Guam,GUM,316,Guam,0.0,0.0,0.0,0.0,0.0,0.0,0.0,0.0,0.0,0.0,0.0,0.0,0.0,0.0,0.0,0.0,0.0,0.0,0.0,0.0,0.0,biomass
121,122,Mahanadi,GLU122,MahanadiR,IND,356,India,0.0,0.0,0.0,0.0,0.026010339299999997,0.055996578000000005,0.117837089,0.32367948100000005,0.6931847103,1.225776091656,1.4024239256786688,1.402412102021564,1.4078509803387937,1.40381934,1.4018424600000001,1.4141283000000002,1.45254699,1.50798008,1.5738491,1.63754399,1.69195091,biomass
122,123,Godavari,GLU123,GodavariR,IND,356,India,0.0,0.0,0.0,0.0,1.478102171,3.1011128959999996,6.147690058999999,14.389252805,24.700707623200003,34.402520113380305,36.97541170799672,37.12960663664258,37.32949720559241,37.37050280193254,37.39376020087484,37.57494510036511,38.0789067001026,38.768792700000006,39.549661199999996,40.2391174,40.7681338,biomass
123,124,Hainan,GLU124,Hainan,CHN,156,China,0.0,0.0,0.0,0.0,0.0021917128,0.0061220377,0.015831646,0.05693958739999999,0.16882164172000003,0.352451583156182,0.42434112,0.44460206,0.4665866,0.48855557999999993,0.49785328,0.50902094,0.52127349,0.5371475299999999,0.55324061,0.56716556,0.56969532,biomass
124,125,Mekong,GLU125,Mekong,LAO,418,Lao Peoples Democratic Republic,0.0,0.0,0.0,0.0,0.15780629299999996,0.353942576,0.6949188260000001,2.012665299,4.791182287599999,8.767268488767593,10.338691108237407,10.484507300694517,10.5994112,10.5430319,10.4013039,10.290744299999998,10.307732699999999,10.4248315,10.606293899999999,10.7498931,10.8061751,biomass
125,126,Viet_Nam_Coast,GLU126,VietnamCst,VNM,704,Viet Nam,0.0,0.0,0.0,0.0,0.023939122999999996,0.050740665,0.078887767,0.14429750600000002,0.2542231491,0.37934803418453,0.3979079329669099,0.38116561032870894,0.36394194,0.33832962,0.31116569,0.28606221,0.26702530999999996,0.25245275,0.24079757000000002,0.22881378,0.21521211999999998,biomass
126,127,Salween,GLU127,Salween,CHN,156,China,0.0,0.0,0.0,0.0,0.015156716300000001,0.0360022098,0.07716579900000001,0.22588796300000002,0.5597365158999998,1.083649608953889,1.261502513268207,1.281888930295184,1.2982150000000001,1.2942058599999997,1.2639075800000001,1.23485772,1.21399276,1.20153701,1.1914471199999999,1.1743747,1.1371447099999998,biomass
127,128,India_North_East_Coast,GLU128,IndCstNE,IND,356,India,0.0,0.0,0.0,0.0,0.009864755999999999,0.021257904,0.04362767100000001,0.11827849099999999,0.25213414630000003,0.44223609257549995,0.503554813321496,0.5035167019268021,0.505219300262373,0.5030050001063641,0.5012599999999999,0.5045523000000001,0.5178170999999999,0.5376925,0.5617482,0.5852675,0.6056325,biomass
128,129,India_West_Coast,GLU129,IndCstW,IND,356,India,0.0,0.0,0.0,0.0,0.043003223,0.09317957499999999,0.18854276,0.49124163299999996,1.017160565,1.7802669441260002,2.0062521457631934,1.99511970643674,1.988974801165319,1.9668570003603172,1.946320300185562,1.9453098,1.9814153,2.0417987,2.1171081000000003,2.1890894,2.2484848,biomass
129,130,Papaloapan,GLU130,Papaloapan,MEX,484,Mexico,0.0,0.0,0.0,0.0,0.0728067125,0.15465463890000006,0.3385226332,0.870307539,2.0140737154,3.847092583861001,4.29438189767953,4.342066500268386,4.43258323610285,4.414770437034795,4.4243567434492235,4.4438937013847175,4.479254590370319,4.515735900140602,4.558441479999999,4.573448979999999,4.572365660000001,biomass
130,131,Rio_Lerma,GLU131,RioLerma,MEX,484,Mexico,0.0,0.0,0.0,0.0,0.13224984,0.27172960999999995,0.5572747699999999,1.3657393800000002,3.21282669,6.6483052912,7.599026508052801,7.670422286618201,7.84796205159781,7.778327023541692,7.770883012000253,7.7954940052428165,7.869733001713467,7.9652540006579375,8.08623900021537,8.116060000145506,8.102609000144643,biomass
131,132,Rio_Verde,GLU132,RioVerde,MEX,484,Mexico,0.0,0.0,0.0,0.0,0.0677361682,0.140592551,0.29967060999999995,0.7695498789999999,1.8171770109999998,3.737639990539,4.31857018144499,4.3676710828882,4.477334713391659,4.472411905927129,4.460461302829382,4.461557501079625,4.485259600259306,4.5068462,4.537175,4.5341278,4.507657300000001,biomass
132,133,Grijalva_Usumacinta,GLU133,GrijUsuR,MEX,484,Mexico,0.0,0.0,0.0,0.0,0.26490501289,0.5772438295,1.1513756478000001,2.581747139,5.0962948273,8.636004256278898,9.737057012490892,9.8301124661125,9.98986128451393,9.951674863093999,9.94165367538372,9.9427277433326,9.976939464347474,10.017682777,10.081184387999999,10.082077972,10.042392542999998,biomass
133,134,Rio_Balsas,GLU134,RioBalsas,MEX,484,Mexico,0.0,0.0,0.0,0.0,0.065451764,0.137480503,0.297886079,0.7680434719999999,1.8149710629999998,3.7497387720679995,4.31929448327326,4.38500570352991,4.505177117209269,4.490894707627867,4.510282303729769,4.544233501508504,4.602597400484959,4.658679600128589,4.7246697,4.7551369,4.762685299999999,biomass
134,135,Southern_Central_America,GLU135,CntAmer,NIC,558,Nicaragua,0.0,0.0,0.0,0.0,0.8217312908,1.7811455727999996,3.4759817349999995,7.819449037,15.195471883300002,24.186191576484003,27.38334185459129,27.764102964793718,28.24177100654109,28.264458743136885,28.27815659579021,28.28122273238061,28.35545871076579,28.474704050213543,28.679122420000002,28.6942177,28.583959070000002,biomass
135,136,Isthmus_of_Tehuantepec,GLU136,Tehuantpc,MEX,484,Mexico,0.0,0.0,0.0,0.0,0.1008332253,0.21418818830000003,0.47024229700000003,1.200318535,2.6460371115999997,4.754787965644001,5.28157005653704,5.320138921190691,5.404554989623977,5.370439758546621,5.359831514199407,5.361819451695191,5.3838787205326035,5.406454310153365,5.436874649999999,5.438050209999999,5.4216878,biomass
136,137,Irrawaddy,GLU137,IrrawaddyR,MMR,104,Myanmar,0.0,0.0,0.0,0.0,0.0581345999,0.1294180991,0.24730874700000002,0.6415125540000001,1.45863072987,2.680308564342298,3.0391227819294038,3.034210022542724,3.016756720243336,2.94145078,2.84311057,2.75098654,2.69722008,2.67420761,2.6705257099999997,2.65688439,2.6204656599999994,biomass
137,138,Sittaung,GLU138,SittaungR,MMR,104,Myanmar,0.0,0.0,0.0,0.0,0.0108688674,0.0240248229,0.045601135,0.120864508,0.28662539080000005,0.5555819680215,0.645689455805033,0.6516205505701761,0.6549148100000001,0.6457213399999999,0.63299412,0.62201372,0.6205317699999999,0.6265497200000001,0.6378419000000001,0.64724876,0.65261808,biomass
138,139,Peninsula_Malaysia,GLU139,MalaysiaP,MYS,458,Malaysia,0.0,0.0,0.0,0.0,0.020309396,0.048294337,0.10267594,0.314864672,0.8298990467,1.78836696100586,2.256292100958476,2.2647184,2.2586003000000003,2.2032391,2.1338565000000003,2.0713147,2.04197,2.0358469,2.046274,2.0485043000000003,2.0337831,biomass
139,140,Krishna,GLU140,KrishnaR,IND,356,India,0.0,0.0,0.0,0.0,1.20530077,2.5527393579999997,5.146742777,12.577079251999999,22.562150503999998,32.756155295374995,35.59729049241023,35.76149763481381,35.98736550532358,36.05675870173215,36.119688200830076,36.37133460034787,36.9946921,37.8378674,38.79331129999999,39.66156719999999,40.358316,biomass
140,141,Andaman_Nicobar_Islands,GLU141,AdnNicIsl,IND,356,India,0.0,0.0,0.0,0.0,4.1088199999999995e-09,6.31622e-09,2.28316e-09,1.999312e-09,1.9487020000000003e-09,1.941434e-09,1.892934e-09,1.842376e-09,1.796748e-09,1.747248e-09,1.7010580000000001e-09,1.6612539999999999e-09,1.6307339999999998e-09,1.606784e-09,1.58665e-09,1.567576e-09,1.5476320000000002e-09,biomass
141,142,Africa_West_Coast,GLU142,AfrCstW,CIV,384,Cote dIvoire,0.0,0.0,0.0,0.0,2.8927941201700005,6.1974426488,10.0169944359,16.38883731341,24.708544831730002,33.98095509279934,36.17635533922737,34.10383206983568,32.284465421417664,30.153465541113132,28.035500671999998,26.2277716244,24.8819943219,23.9174326155,23.2288473458,22.568076692200002,21.8885266512,biomass
142,143,Caribbean_Coast,GLU143,SAmerCstN,VEN,862,Venezuela,0.0,0.0,0.0,0.0,0.08757502924,0.18567517767,0.3669505693000001,0.9323016964000002,2.2112194300899994,4.493121256598511,5.322621324882507,5.339777216431261,5.611538786132356,5.608396292860129,5.563076756861984,5.59167438238323,5.631893636999999,5.647763219000001,5.730550902,5.7042742340000006,5.623428488999999,biomass
143,144,Africa_North_Interior,GLU144,AfrIntN,DZA,12,Algeria,0.0,0.0,0.0,0.0,0.025498598,0.0581621373,0.1128650082,0.3054791378,0.8031106277,1.841440483782254,2.251549969370025,2.2411267271913293,2.200939472,2.09509989,1.968321882,1.858182309,1.7826618420000002,1.7298067400000001,1.689964366,1.640309337,1.5751428489999997,biomass
144,145,India_East_Coast,GLU145,IndCstE,IND,356,India,0.0,0.0,0.0,0.0,0.017593784899999996,0.038016861000000006,0.078024557,0.210813785,0.47241598330000006,0.8702703777079999,1.0028562117092679,1.003305101401996,1.007731700237776,1.0036779,1.0003488,1.0074153000000001,1.0344855000000002,1.0750286000000002,1.1238715000000001,1.1708565000000002,1.2098549,biomass
145,146,Chao_Phraya,GLU146,ChaoPhrR,THA,764,Thailand,0.0,0.0,0.0,0.0,0.03805999300000001,0.085790365,0.17416982,0.5560808799999999,1.442916721,2.7949489424209997,3.1717275086533894,3.1953894008770205,3.2099327000000004,3.1737371,3.125147,3.0873177,3.0946334,3.1379662,3.2068502000000003,3.2680291,3.3126521000000007,biomass
146,147,Pennar,GLU147,PennarR,IND,356,India,0.0,0.0,0.0,0.0,0.10772942039999997,0.23061857959999998,0.4710313669000001,1.1936054878,2.3311004250000003,3.6824437323388994,4.0651669889578494,4.058348294638152,4.061082820668316,4.033540960235187,4.0028343601127885,3.9988761599999996,4.04983854,4.13371278,4.23409749,4.3209880400000005,4.37956932,biomass
147,148,Gulf_of_Thailand_Coast,GLU148,ThaiGulf,THA,764,Thailand,0.0,0.0,0.0,0.0,0.0304648423,0.067933366,0.129619758,0.35006375500000003,0.8222357643,1.5385615693015,1.7497316019442677,1.7673872001093018,1.7793315,1.7618173000000001,1.7361194,1.7149581,1.7166806999999997,1.7361081999999999,1.7679874999999998,1.794276,1.8102789000000001,biomass
148,149,Niger,GLU149,NigerR,MLI,466,Mali,0.0,0.0,0.0,0.0,3.2487274606699996,6.742486082729999,9.834051662490001,14.918751706899998,23.52112060733,33.496440459254394,36.0223577803575,33.42605945967765,31.169911846002993,28.556722234299997,26.009398508300002,23.8571173367,22.2461742198,21.06275295,20.1697020702,19.3137622627,18.437216014200004,biomass
149,150,Micronesia,GLU150,Micronesia,FSM,583,"Micronesia, Federated States of",0.0,0.0,0.0,0.0,0.0,0.0,0.0,0.0,0.0,0.0,0.0,0.0,0.0,0.0,0.0,0.0,0.0,0.0,0.0,0.0,0.0,biomass
150,151,Lake_Chad,GLU151,LChad,TCD,148,Chad,0.0,0.0,0.0,0.0,1.2908379280337001,2.651148817759,3.4367935716119997,4.305700683153301,6.39147635138318,9.16644802890282,10.04361107473338,9.330265371016766,8.684709824780779,7.902608441149998,7.128784167075001,6.457983986405,5.934855054873,5.546465824343999,5.236989008301999,4.94177912329,4.643432085253001,biomass
151,152,Senegal,GLU152,SenegalR,MRT,478,Mauritania,0.0,0.0,0.0,0.0,0.15890820515999998,0.349947622615,0.5412008482339999,0.8948998519660002,1.5000230151846001,2.395814740312909,2.7249634249203187,2.5385787435100005,2.3694156527500003,2.16093557859,1.95331621475,1.77521609109,1.6396661677,1.5373192025200002,1.45697449185,1.37925997833,1.2993380175400002,biomass
152,153,Cauvery,GLU153,CauveryR,IND,356,India,0.0,0.0,0.0,0.0,0.7826807159999999,1.6342634770000002,3.1506352300000002,7.42638324,12.946651376,18.313336126421998,19.7564648804728,19.829791322164,19.93325170342551,19.958166401233473,19.979634800602415,20.09746950019913,20.401979,20.820247000000002,21.300717600000002,21.7434873,22.115160999999997,biomass
153,154,Sri_Lanka,GLU154,SriLanka,LKA,144,Sri Lanka,0.0,0.0,0.0,0.0,0.035024448,0.09189314,0.20240969799999997,0.509046167,1.2682755849,2.5172662967391997,2.5170225045648733,2.4570965005936887,2.4160342000000004,2.3574228,2.30037,2.2638575999999997,2.268443,2.2948736,2.3332101,2.3684496,2.3934350999999996,biomass
154,155,India_South_Coast,GLU155,IndCstS,IND,356,India,0.0,0.0,0.0,0.0,0.046915139999999994,0.10083629999999999,0.2002533,0.5162335899999999,1.089346492,1.946320287611,2.210285861353535,2.201830108922716,2.19843650160227,2.174800600539814,2.1525438002785733,2.152552300128526,2.1956722,2.268256,2.3597962000000003,2.449344,2.5258461000000003,biomass
155,156,Orinoco,GLU156,OrinocoR,BRA,76,Brazil,0.0,0.0,0.0,0.0,0.0527583617548,0.1338659195618,0.34997052073486,1.21543533451412,3.46723734266436,8.40969539537164,10.389831754521136,10.343089218413903,11.076286290651112,11.013171185673665,10.823239124386628,10.86344590347114,10.92756207313792,10.917010583103343,11.10758981307368,10.97655351304674,10.705667913018278,biomass
156,157,Colombia_Ecuador_Pacific_Coast,GLU157,ColEcuaCst,ECU,218,Ecuador,0.0,0.0,0.0,0.0,0.045756748320000006,0.11532205079000002,0.2802328252,0.8040378518999998,1.7777070455599997,3.34984749870268,4.068881785240778,4.026131430115959,4.0049463333212305,3.9528962606077847,3.8996337552852776,3.844774348543322,3.837820348217854,3.8203507561014787,3.8163985500000006,3.8175584179999995,3.7864915320000003,biomass
157,158,Palau_and_East_Indonesia,GLU158,IdnE,IDN,360,Indonesia,0.0,0.0,0.0,0.0,0.14462448109669998,0.339767713463,0.736724891329,1.9506019724071,3.9177563648554496,5.8985843108501,6.379113890216981,6.41076886315934,6.431900485610687,6.3907523164676165,6.322612956906086,6.2633789576463075,6.249640100135,6.25995148409,6.284498109041,6.2947915434190005,6.281547566674,biomass
158,159,North_Borneo_Coast,GLU159,BorneoCstN,MYS,458,Malaysia,0.0,0.0,0.0,0.0,0.016287767383,0.037452209619,0.07791801165000001,0.22114697437000003,0.5411226778370001,1.087870195374457,1.2854436271785692,1.285524315278457,1.276166518621852,1.237685427228643,1.190892405118327,1.148316141,1.124565632,1.113406321,1.1113581241,1.1050881609,1.0895960685000001,biomass
159,160,Volta,GLU160,VoltaR,BFA,854,Burkina Faso,0.0,0.0,0.0,0.0,0.8871853182470002,1.7979007322700002,2.61955371873,4.010895000841001,6.201495331922999,9.079887822029889,9.903748349661088,9.237531336163629,8.653525389071413,7.968931341995028,7.2951452935,6.72260075168,6.29397429255,5.98053336038,5.746125416209999,5.52086377053,5.28936885815,biomass
160,161,Northeast_South_America_South_Atlantic_Coast,GLU161,SAmerCstNE,GUY,328,Guyana,0.0,0.0,0.0,0.0,0.00362818502,0.00920507061,0.02217032532,0.0616030530561,0.12187929193493,0.19464871646474205,0.204439645163307,0.1904194141269,0.1964658090739,0.18458970502299998,0.170444019502,0.161340157173,0.152806570302,0.144043146603,0.139195018827,0.129838857804,0.119722109839,biomass
161,162,Gulf_of_Guinea,GLU162,GuineaGulf,GAB,266,Gabon,0.0,0.0,0.0,0.0,0.2970406136,0.6348006087999999,1.0144643536,1.7660621388,2.98435708895,4.513447632230097,4.903655595466559,4.512311729699756,4.174392590151821,3.791273637,3.423878675,3.1161487880000003,2.8861007,2.7172899200000002,2.590555577,2.470447687,2.349118353,biomass
162,163,Sumatra,GLU163,Sumatra,IDN,360,Indonesia,0.0,0.0,0.0,0.0,0.08890493099999999,0.20760532299999998,0.45323358,1.33506681,3.5168019329999995,7.709749969106,9.542189171115913,9.77587882320689,9.980021303732972,9.97281860118281,9.887390300565883,9.827585000247936,9.9084236,10.064065,10.2514476,10.375250299999998,10.3920955,biomass
163,164,Sulawesi,GLU164,Sulawesi,IDN,360,Indonesia,0.0,0.0,0.0,0.0,0.07280935000000001,0.17155474999999998,0.37676137,1.09737284,2.763953006,5.670569957192001,6.707985784639139,6.846776026252551,6.968557504379553,6.95685520139491,6.89564800067946,6.853568300303934,6.905427899999999,7.0062039999999985,7.1304457,7.2175478,7.2398564,biomass
164,165,Kalimantan,GLU165,Kalimantan,IDN,360,Indonesia,0.0,0.0,0.0,0.0,0.08977325307110001,0.2133311787097,0.472224243197,1.384813012504,3.4959311803252,7.27800866577734,8.626223841542902,8.726878669737374,8.789815335604487,8.650598303878922,8.43643032486484,8.244653532531329,8.174955513964868,8.16561002803,8.183568979299999,8.152435838190002,8.03629758017,biomass
165,166,Magdalena,GLU166,MagdalenaR,COL,170,Colombia,0.0,0.0,0.0,0.0,0.05169973969539999,0.12864092362466,0.32174500745996,1.064717750386458,2.925723866374442,6.297030820753618,7.982263004615735,7.95394330085172,8.024595800343391,7.928708300333968,7.857742800324542,7.8079252003176745,7.843711900311602,7.878032300306043,7.948169600302339,8.065433900297329,8.061510500292204,biomass
166,167,Irian_Jaya_Coast,GLU167,IrianJaya,IDN,360,Indonesia,0.0,0.0,0.0,0.0,0.9357934398000001,2.1795260429999996,4.6120885220000005,11.927290493000001,25.0804416055,39.969339288769994,43.58058650371604,43.64367306715868,43.61730898705407,43.077713533968826,42.33681021795915,41.688657309027704,41.447085703271036,41.43950750134984,41.58228640058926,41.63740230027325,41.51992270025898,biomass
167,168,Amazon,GLU168,AmazonR,BRA,76,Brazil,0.0,0.0,0.0,0.0,0.15880395877002002,0.39162552682462004,0.821537977018,2.0508269968576998,4.80651769486291,9.613953679043853,12.103923362954577,11.714036567820113,11.432985823230494,11.107698745557327,10.72137549301691,10.329699573851,10.138440703094002,9.902852920026001,9.733048962694001,9.566344052199,9.342777353474,biomass
168,169,South_Chile_Pacific_Coast,GLU169,ChileCstS,CHL,152,Chile,0.0,0.0,0.0,0.0,0.31896858510000003,0.7616994171999999,1.694126661,4.361912143,9.803015684399998,17.4230180036995,20.469471802192302,20.32319394934355,20.19893334592306,20.015831296110086,19.770871182911318,19.497715601416086,19.472607390366782,19.35237922,19.28971264,19.23078031,19.086654709999998,biomass
169,170,Shebelli_Juba,GLU170,ShebJubR,ETH,231,Ethiopia,0.0,0.0,0.0,0.0,0.27609904200000007,0.5840167989999999,0.9715486989999998,1.9323834919999998,3.7385625453,6.7850274238834,7.864632572858894,7.6012854484215895,7.318654364293523,6.8721411014098726,6.412384460619929,6.010954560208386,5.698830279999999,5.5168901,5.38929625,5.26072294,5.1225331700000005,biomass
170,171,Africa_East_Central_Coast,GLU171,AfrCstE,TZA,834,Tanzania,0.0,0.0,0.0,0.0,0.6972433081399998,1.4591284308399997,1.82514983865,2.21834913519,3.1056171337859997,4.23459812992831,4.582805385511302,4.271701074055133,3.9903666805531697,3.654895268368271,3.3270631983026537,3.032272582626519,2.8083271731999995,2.6492365694999997,2.5275102408,2.4130954037999994,2.2981700649000003,biomass
171,172,North_Brazil_South_Atlantic_Coast,GLU172,BrzCstN,BRA,76,Brazil,0.0,0.0,0.0,0.0,0.051531458654,0.12010069546999999,0.18428234519,0.24586480724999998,0.36740005044999996,0.465768392979219,0.428406376731733,0.39903825593097003,0.37475591070888203,0.3605848733,0.33396712896999997,0.30285091692999994,0.27769982455,0.25675337065000003,0.23888827109,0.22227020693000002,0.20441327278,biomass
172,173,Papua_New_Guinea_Coast,GLU173,PapuaCst,PNG,598,Papua New Guinea,0.0,0.0,0.0,0.0,0.16842663000000002,0.35787869,0.6214972,1.2360463,2.15545267,3.04767829454,3.1323922175217995,3.0480000308357997,2.9531010054895,2.8014650021176997,2.632175001118026,2.469358000569056,2.340868000127283,2.2388060000000003,2.1553090000000004,2.0684885,1.9693422,biomass
173,174,Tocantins,GLU174,TocantinsR,BRA,76,Brazil,0.0,0.0,0.0,0.0,0.02376535777,0.0558473702,0.10569894830000001,0.20762681409999997,0.36113956337,0.50358001491563,0.51940459712521,0.4901367111589891,0.46503885211058593,0.45178422000000007,0.42179224000000004,0.384646616,0.354318794,0.3289239631,0.307100465,0.28648062879999997,0.263867647,biomass
174,175,Java_Timor,GLU175,JavaTimor,IDN,360,Indonesia,0.0,0.0,0.0,0.0,0.6389109234200001,0.9631231619400001,1.2690531980700002,1.92251122433,2.9451256050699994,4.54115282870338,5.188952768080615,5.3628382067228895,5.538642968297801,5.649912392720095,5.740771849135584,5.8502789879937325,6.0243036366,6.2389938794,6.480253097600002,6.704059224100001,6.8925098665,biomass
175,176,Solomon_Islands,GLU176,SolomonIsl,SLB,90,Solomon Islands,0.0,0.0,0.0,0.0,3.0020899999999996e-08,3.75993e-08,7.63406e-09,6.4066e-09,6.868741e-09,7.170479999999999e-09,7.06364e-09,6.928910000000001e-09,6.8047200000000005e-09,6.63864e-09,6.465930000000001e-09,6.30975e-09,6.1898699999999994e-09,6.0966999999999994e-09,6.023029999999999e-09,5.948130000000001e-09,5.8679799999999994e-09,biomass
176,177,Madagascar,GLU177,Madagascar,MDG,450,Madagascar,0.0,0.0,0.0,0.0,0.021448372000000004,0.046827354999999994,0.08388547000000002,0.19181862400000002,0.336549967,0.6307206647529999,0.7239328156911161,0.6962581018251569,0.6682697002744059,0.6279296,0.5877218000000001,0.5529459999999999,0.5258828,0.510417,0.49962340000000005,0.4888822,0.4775438,biomass
177,178,Sepik,GLU178,SepikR,PNG,598,Papua New Guinea,0.0,0.0,0.0,0.0,0.11316388,0.24743526000000005,0.4648195,1.04090839,1.963987399,2.895894919604,3.05804233206094,3.030762050686424,2.99447600932376,2.916170003612414,2.8219670018945706,2.731836000943829,2.6694340003012997,2.6265240000000003,2.597155,2.562579,2.515899,biomass
178,179,Rift_Valley,GLU179,RiftValley,ETH,231,Ethiopia,0.0,0.0,0.0,0.0,0.223970054509,0.46361274163500005,0.7341879971191999,1.3610333655503,2.458701589934134,4.1526948994301,4.70398538453458,4.505972509042245,4.311300632908789,4.04168126368464,3.771724740092298,3.538547286184278,3.3584669762743684,3.255251137918,3.1855968337708997,3.1189888105477,3.0512797756316004,biomass
179,180,Peru_Pacific_Coast,GLU180,PeruCst,PER,604,Peru,0.0,0.0,0.0,0.0,0.09033641489999997,0.232599508,0.578429431,1.711298482,3.854288294,6.9828966043396,8.323684702856463,8.276573900279605,8.2368372,8.1722664,8.084216099999999,7.9833806,7.9742033999999995,7.9312017,7.921231200000001,7.9062424,7.9839902,biomass
180,181,Fly,GLU181,FlyR,PNG,598,Papua New Guinea,0.0,0.0,0.0,0.0,0.187449396,0.4061036599999999,0.76913307,1.76464337,3.528828038,5.559610919413,5.928267646225741,5.8880741300017005,5.820668968001801,5.660976528648159,5.466664816176761,5.279342808818775,5.151222903555889,5.06598320160028,5.013768400744183,4.9505747004675555,4.859901100441274,biomass
181,182,Angola_Coast,GLU182,AngolaCst,AGO,24,Angola,0.0,0.0,0.0,0.0,0.06930431343999999,0.1558879302,0.2336304928,0.30995648954000005,0.4450659032480001,0.6325081494391999,0.701597025145963,0.64987579,0.6028632270000001,0.547669329,0.494472419,0.4468220379999999,0.41228054000000003,0.38806459,0.370536329,0.3542436418,0.33785789730000004,biomass
182,183,Congo,GLU183,CongoR,COD,180,"Congo, The Democratic Republic of the",0.0,0.0,0.0,0.0,1.514061003966,3.3562711893409993,4.161722328882,5.098669475864,7.324661308305499,10.10397289872156,10.72270851975523,9.880759092028427,9.134227412279998,8.26111614376,7.40748533947,6.671943305839998,6.11053663943,5.690550697749999,5.36239157811,5.052229177670001,4.7405074032400005,biomass
183,184,Australia_North_Coast,GLU184,AusCstN,AUS,36,Australia,0.0,0.0,0.0,0.0,0.00093517496,0.0022335955300000006,0.00524829475,0.015140710510000002,0.038392107620000004,0.09191066612809999,0.12277342370191001,0.12222976432178902,0.12084560291325099,0.11549403612297403,0.110251378430551,0.10513810711985201,0.102005025,0.098364609,0.09541319799999999,0.09240290699999999,0.08870004800000002,biomass
184,185,South_Pacific_Islands,GLU185,NewCaledn,NCL,540,New Caledonia,0.0,0.0,0.0,0.0,1.207779e-08,1.910456e-08,7.02949e-09,6.40475e-09,6.901499000000001e-09,7.20133e-09,7.114520000000001e-09,7.00013e-09,6.89494e-09,6.75127e-09,6.60049e-09,6.464140000000001e-09,6.36003e-09,6.2794700000000004e-09,6.2163100000000004e-09,6.15123e-09,6.081220000000001e-09,biomass
185,186,East_Brazil_South_Atlantic_Coast,GLU186,BrzCstE,BRA,76,Brazil,0.0,0.0,0.0,0.0,0.030673522799999995,0.0739911798,0.1491730789,0.3567526602000001,0.83350848629,1.4349101900086,1.4601187736057633,1.4206823447106451,1.3836690472782682,1.3696475649999997,1.318764564,1.235970591,1.159315323,1.093915993,1.0352422,0.9743519920000001,0.902597482,biomass
186,187,Parnaiba,GLU187,ParnaibaR,BRA,76,Brazil,0.0,0.0,0.0,0.0,0.012579485009999999,0.030163516500000005,0.05724163299999999,0.12012343619999999,0.23904327681999998,0.37921352676756,0.423443579326406,0.399903431382921,0.37910895099999997,0.368183411,0.34172769000000003,0.308565373,0.28144665,0.258591734,0.238867248,0.220191892,0.19969743399999998,biomass
187,188,Zambezi,GLU188,ZambeziR,ZMB,894,Zambia,0.0,0.0,0.0,0.0,0.1270297002354,0.28661526974730006,0.401110232092,0.50999094519,0.7462122686093001,1.063210633251178,1.1483153128961583,1.0570534871500001,0.9752850275999998,0.8801246893500001,0.7887143229699999,0.7067945752899999,0.64649305507,0.6032780969100001,0.5708457931900001,0.54064503441,0.5104334028499999,biomass
188,189,Australia_East_Coast,GLU189,AusCstE,AUS,36,Australia,0.0,0.0,0.0,0.0,0.35362729200000004,0.866324209,1.959008826,4.510947165000001,8.619727310999998,13.8800551866,15.246356228661003,15.0765725501694,14.901178566860718,14.472053002560038,14.066211535295881,13.645997496601915,13.382247449838145,13.067987294649143,12.81387493227838,12.557051621427624,12.245127431240965,biomass
189,190,Africa_Indian_Ocean_Coast,GLU190,AfrCstSE,MOZ,508,Mozambique,0.0,0.0,0.0,0.0,0.027354326789999998,0.059046738140000006,0.07315080274000002,0.079419319562,0.10385259658849999,0.14217387757203304,0.15594355480327998,0.14413609915000003,0.13364263150999997,0.12150491043000002,0.10984648004999999,0.09939166599,0.09169044086,0.0861632523,0.08200919384000001,0.07813606237000001,0.07426076406999998,biomass
190,191,Australia_West_Coast,GLU191,AusCstW,AUS,36,Australia,0.0,0.0,0.0,0.0,0.24191589880769998,0.6063652736270001,1.3716955978360001,3.1028505791099996,5.891716876035401,9.631142417325291,10.633601449914982,10.355755475599656,10.0756111384924,9.562199620130048,9.06539186644514,8.563660448945416,8.19851487335441,7.810371865009424,7.477716199241785,7.150407535419999,6.785133454210001,biomass
191,192,Sao_Francisco,GLU192,SaoFrancR,BRA,76,Brazil,0.0,0.0,0.0,0.0,0.059367165199999995,0.1413598592,0.2776659879,0.6094499628000001,1.2439738527000002,2.0956518876223,2.151766604865751,2.067707884391846,1.9905060105976378,1.9577987,1.8469215780000003,1.6957508209999999,1.5690244630000003,1.4605621279999998,1.365333716,1.2725433909999997,1.1674282069999997,biomass
192,193,Australia_Interior,GLU193,AusInt,AUS,36,Australia,0.0,0.0,0.0,0.0,0.0457999043,0.11699647120000001,0.2726852837,0.6451624950000001,1.2840158941,2.2761080917040006,2.5743479332524695,2.49301846821166,2.40755561047447,2.253854363797115,2.1056578015638383,1.9606239505733667,1.854173060161452,1.7450698900000001,1.65211051,1.56243392,1.46493065,biomass
193,194,Orange,GLU194,OrangeR,ZAF,710,South Africa,0.0,0.0,0.0,0.0,0.096887529894,0.230623928642,0.46928337232000006,0.87383777413,1.412389973666,2.05619001063869,2.1182007212712097,1.9923433186687198,1.871180215872571,1.7237495031399368,1.577996225216575,1.4462976332640303,1.343991268702689,1.2638025488114673,1.198532146228117,1.1369429116999998,1.0724097380000002,biomass
194,195,Uruguay_Brazil_South_Atlantic_Coast,GLU195,BrzCstS,BRA,76,Brazil,0.0,0.0,0.0,0.0,0.8492295080000002,2.012940073,4.103971443999999,9.69570787,20.109407788,32.8546172409093,36.956267174775334,36.74631394676599,36.5674156063567,36.93126690082879,36.39478420017647,35.205801799999996,34.153279899999994,33.24165,32.414362000000004,31.484121200000004,30.2245782,biomass
195,196,Namibia_Coast,GLU196,AfrCstSW,NAM,516,Namibia,0.0,0.0,0.0,0.0,0.0017763581,0.0036656238,0.0065091623,0.0088790402,0.012158874319999999,0.0170601669933,0.016871682089450002,0.01566399443571,0.01460959268759,0.013336156216620002,0.012133528309599998,0.011087389773707,0.010384481362624,0.009942396171834,0.009686707,0.009460973999999999,0.009230757,biomass
196,197,Africa_South_Interior,GLU197,AfrIntS,BWA,72,Botswana,0.0,0.0,0.0,0.0,0.282887276321,0.62951135594,0.8844315614200001,0.9937208225849999,1.2594990574192,1.5714035657492509,1.63211410267857,1.517816419396859,1.4138795222399998,1.29018312184,1.16882837594,1.0582955126,0.97542202713,0.91467960197,0.868067043,0.82438221289,0.7806421590799999,biomass
197,198,South_Africa_South_Coast,GLU198,AfrCstS,ZAF,710,South Africa,0.0,0.0,0.0,0.0,0.04447660442,0.09939511369000001,0.20343664848000004,0.460304876,0.8822479561749998,1.4996468305473698,1.6681409417012136,1.5996558948858117,1.530650787246226,1.442094231687105,1.3541465333656368,1.2760434149571402,1.2172275469553568,1.171479895029278,1.134745642830151,1.098920238631412,1.0573541194021001,biomass
198,199,Limpopo,GLU199,LimpopoR,ZAF,710,South Africa,0.0,0.0,0.0,0.0,0.32457277197999995,0.70360772475,0.92613188843,1.19149881377,1.8379877597916,2.7790072809416917,3.0705767385041156,2.91278590786395,2.760442837921754,2.564587773394742,2.3683623822111346,2.190850171573277,2.0596414692155385,1.9620745637625188,1.886599888154755,1.8137526155700003,1.7337241670199999,biomass
199,200,La_Puna_Region,GLU200,LaPuna,BOL,68,Bolivia,0.0,0.0,0.0,0.0,0.029947147579200004,0.0791306494534,0.2145909465099,0.6545776974714,1.4337993586079598,2.524273831970566,2.95292398544338,2.916820565290141,2.884189155286,2.8354102962880003,2.774739694251,2.7099830146630004,2.679489290995,2.6356405081561,2.5991397264986995,2.5615880479877,2.5098722338642006,biomass
200,201,New_Zealand,GLU201,NewZealand,NZL,554,New Zealand,0.0,0.0,0.0,0.0,0.022929354,0.045344937,0.08150714299999999,0.180983103,0.37473871599999997,0.7295932726000001,0.876071774723,0.8605120284905,0.846026576102,0.8153091616338,0.78991770353486,0.7656978842624701,0.75515066941455,0.7414063908570279,0.7333002512000039,0.726380734759981,0.7164819310847201,biomass
201,202,Australia_South_Coast,GLU202,AusCstS,AUS,36,Australia,0.0,0.0,0.0,0.0,0.1024408073945,0.256374991786,0.583684569103,1.3396009366150001,2.588860114505,4.27320885771262,4.731398031052655,4.616066187194979,4.498559893628969,4.27414519696351,4.057989772287861,3.839829462427823,3.682730642072002,3.514346061869966,3.37042242519,3.22855653226,3.06962528611,biomass
202,203,Mar_Chiquita,GLU203,MarChiq,ARG,32,Argentina,0.0,0.0,0.0,0.0,0.18094904329999997,0.3843906298,0.7598494144,1.7471293978,3.8534698741,7.29201102232,8.716836379891731,8.70805772275638,8.698198468740374,8.55858994164584,8.442349483160045,8.281207779525628,8.197804792423492,8.11020667812732,8.05254580140963,7.972984463762275,7.836188148677523,biomass
203,204,South_Africa_West_Coast,GLU204,AfrCstSSW,ZAF,710,South Africa,0.0,0.0,0.0,0.0,0.020467338430000002,0.04998016984999999,0.12579376215000002,0.3246016112,0.62220184202,1.0473484911294,1.13197514309121,1.094026421710401,1.0527892004985528,0.99409338656776,0.9330882642438512,0.878059653544373,0.8355798421228701,0.8006177290000001,0.770945263,0.741249202,0.7064835039999999,biomass
204,205,Salinas_Grandes,GLU205,Salinas,ARG,32,Argentina,0.0,0.0,0.0,0.0,0.04500919606999999,0.0984630384,0.2058782705,0.5188848245000001,1.2840023478,2.8600002635859996,3.5359995457777704,3.541406546332535,3.539883725906502,3.4522420764652533,3.3689350767046937,3.270677127493254,3.211114572557485,3.142576800979545,3.083505520432738,3.0099074202526372,2.904487770220815,biomass
205,206,La_Plata,GLU206,RioLaPlata,BRA,76,Brazil,0.0,0.0,0.0,0.0,1.1527234722,2.5643305488,5.2087463912,12.732001107999999,28.8673152149,56.0490151555897,66.87510017200724,66.22434646894808,65.56501448021835,64.37188016303615,62.87378001015371,60.78829892431504,59.33456440465646,57.933374645989375,56.7929226726273,55.52861882153165,53.82301026134426,biomass
206,207,North_Chile_Pacific_Coast,GLU207,ChileCstN,CHL,152,Chile,0.0,0.0,0.0,0.0,0.06632414199999999,0.15771174700000004,0.35081922,0.9484746100000001,2.344834743,4.82593741398,5.951835761007981,5.877805011316429,5.809385302399265,5.693644500710762,5.544101500333673,5.3820001,5.3260135,5.233149999999999,5.1648564,5.095697,4.988951699999999,biomass
207,208,Murray_Darling,GLU208,MurrayDrlg,AUS,36,Australia,0.0,0.0,0.0,0.0,0.5443004056999999,1.351132251,3.109535868,7.284087418,14.315024587,23.687126211899997,26.3975700649661,26.108778087467204,25.78545510066172,24.938098431683226,24.107361817855814,23.234054741489444,22.64688096497181,21.96433824686591,21.385604423366935,20.79283981199118,20.089411811705318,biomass
208,209,Pampas_Region,GLU209,Pampas,ARG,32,Argentina,0.0,0.0,0.0,0.0,0.9334459208058999,1.9767572653264003,3.8059010931624995,8.052009028854497,15.76013238839049,25.955132905803396,29.146565899634496,28.93856118894871,28.742180111394735,28.165738369727002,27.638557115954196,26.962897500812,26.5041029615633,26.03009259903563,25.64218803139081,25.18640336779446,24.547497415240983,biomass
209,210,North_Argentina_South_Atlantic_Coast,GLU210,ArgCstN,ARG,32,Argentina,0.0,0.0,0.0,0.0,0.74561999,1.58281552,3.10224575,7.0333635,14.312504339999998,24.5518579337,28.0772714364605,27.91583749625449,27.74657632618443,27.17768413343311,26.642607059077708,25.9647340257441,25.502532008310002,25.02745900330871,24.63149300141243,24.166098000807654,23.526908000705635,biomass
210,211,Tasmania,GLU211,Tasmania,AUS,36,Australia,0.0,0.0,0.0,0.0,0.002060975,0.0049572077,0.011239064,0.029251409999999995,0.060311631000000004,0.10796427031,0.12398032741813002,0.12191813765351002,0.12004659727021401,0.11607435324817202,0.11280744158904299,0.109717770806062,0.10839519031973699,0.106674210100803,0.10568397000000002,0.10485011000000002,0.10368237,biomass
211,212,South_America_Colorado,GLU212,ArgColoR,ARG,32,Argentina,0.0,0.0,0.0,0.0,0.24023741526999998,0.5398647410799999,1.1857532824299999,3.1925783606900002,7.916975351081,15.883546300859654,18.611266994378628,18.805243205511747,18.976623842165893,18.864997107015338,18.76641065058426,18.62258489906575,18.612853520176703,18.559693190730496,18.531778344413492,18.438612800369697,18.230022247840193,biomass
212,213,Negro,GLU213,NegroR,ARG,32,Argentina,0.0,0.0,0.0,0.0,0.06531016499999999,0.1484550472,0.329268553,0.883931173,2.2405316483,4.993967870135202,6.1698714300267,6.230539821763908,6.282197609800611,6.20457697291873,6.137943249979767,6.0550017492210495,6.037654733228034,6.002294221269952,5.980542080582714,5.932841590351086,5.833580430312874,biomass
213,214,Central_Patagonia_Highlands,GLU214,Patagonia,ARG,32,Argentina,0.0,0.0,0.0,0.0,0.00044252106000000006,0.0009821622,0.00216326762,0.005860943,0.014199346920000003,0.0296811240941,0.035882380390428,0.0363895558299,0.036915962075904994,0.036801373957121,0.03680942747588,0.036777206160104006,0.037144465999999994,0.037408611999999994,0.037753086000000005,0.037940482,0.03782058799999999,biomass
214,215,South_Argentina_South_Atlantic_Coast,GLU215,ArgCstS,ARG,32,Argentina,0.0,0.0,0.0,0.0,0.006015340878606,0.01373957521173,0.029218470520591996,0.07069007373043,0.17140117035747,0.39883677819750996,0.50957713947807,0.5071683330041579,0.5041381790750499,0.487625376671113,0.472228319974655,0.45504626374879303,0.44438037802778996,0.43221921151182696,0.42156134045481397,0.408840474469355,0.39148554623560006,biomass
215,216,Antarctica,GLU216,Antarctica,ATF,260,French Southern Territories,0.0,0.0,0.0,0.0,0.0,0.0,0.0,0.0,0.0,0.0,0.0,0.0,0.0,0.0,0.0,0.0,0.0,0.0,0.0,0.0,0.0,biomass
216,217,California_River_Basin,GLU217,California,USA,840,United States,0.0,0.0,0.0,0.0,0.353582367,0.757450433,1.52541921,3.8375605,8.693874769,16.10784071865,18.053933079102272,18.220989571796267,18.250118327046625,17.677753112225986,17.35806070773098,16.96809636120078,16.553289542103702,16.511064918894935,16.537132209249435,16.49688530613236,16.375098706152887,biomass
217,218,Upper_Mississippi_Basin,GLU218,MissppRN,USA,840,United States,0.0,0.0,0.0,0.0,0.60139622,1.3354078620000003,2.81731947,7.326607957999999,16.856339992,32.421229385089994,37.93917531604951,39.17701198712424,39.81636716446504,39.106816729450365,38.84827881348298,38.29652650592842,37.958457002126096,37.92347050086048,38.06779580038812,38.06845140018648,37.87799010018918,biomass
218,219,Lower_Mississippi_River_Basin,GLU219,MissppRS,USA,840,United States,0.0,0.0,0.0,0.0,0.24621666999999997,0.5435280100000002,1.1216009,2.8396797,6.335566200000001,11.652156976199999,13.367095935128999,13.597380280370402,13.679054050563332,13.30775902374738,13.103486011193052,12.857686005211656,12.702483001957775,12.643821000688458,12.631378000326784,12.567826000127015,12.440567000128704,biomass
219,220,Upper_Colorado_River_Basin,GLU220,UsaColoRN,USA,840,United States,0.0,0.0,0.0,0.0,0.022858111,0.052060984000000005,0.10433693000000001,0.22420823999999998,0.440931405,0.73913309071,0.801983605521,0.78114611449904,0.753259402492222,0.6924357011054451,0.6433143003330399,0.5952489000000001,0.5559466000000001,0.5233745,0.49476900000000007,0.4650132,0.43240780000000006,biomass
220,221,Lower_Colorado_River_Basin,GLU221,UsaColoRS,USA,840,United States,0.0,0.0,0.0,0.0,0.041043638099999995,0.09211437539999999,0.20302879619999997,0.5767931305999999,1.4512917445000002,3.040809145176,3.53236012639474,3.585984349173145,3.6050443036732354,3.472603441103669,3.3787583852544123,3.2807673322267576,3.2104556007829212,3.1568021603324414,3.112265830109103,3.04655576,2.9545092799999995,biomass
221,222,Great_Basin,GLU222,GreatBasin,USA,840,United States,0.0,0.0,0.0,0.0,0.029117752,0.066769166,0.141902042,0.34754757,0.7602739839999999,1.3889770718,1.5472301779867998,1.5291359235243898,1.493195803888462,1.3887484017089962,1.3046776006848448,1.21995270016173,1.1502999999999999,1.0918659,1.0398626,0.9836173999999999,0.9197050000000001,biomass
222,223,Missouri_River_Basin,GLU223,MissouriR,USA,840,United States,0.0,0.0,0.0,0.0,0.6696551997186498,1.5187977456258999,3.3118818165157995,9.0233109441437,21.4700103535892,42.115104887397294,49.0120475490991,50.11736344398445,50.557728844219945,49.13868852239366,48.2853921080121,47.206129456414544,46.44810523831962,46.004415890115695,45.71792247169137,45.18874837176377,44.34489881682469,biomass
223,224,Arkansas_White_Red_Basin,GLU224,ArkWhtRedR,USA,840,United States,0.0,0.0,0.0,0.0,1.6501700799999999,3.7340294,8.089780229999999,21.0931013,44.84062222,73.17915619760001,80.688641614057,81.8520378486112,82.4329271375095,81.14761206240667,80.37673602823695,79.41911601262369,78.77475600447977,78.39333400178944,78.12731900062035,77.54548500039718,76.60250500040111,biomass
224,225,Texas_Gulf_Coast_Basin,GLU225,TexasCst,USA,840,United States,0.0,0.0,0.0,0.0,0.5890903300000001,1.35892035,2.97848596,7.996343599999999,18.575310659999996,32.981933971800004,37.287848484891995,37.63882461562191,37.587625105796285,36.23632504834176,35.1802070220581,34.00829800992973,33.05348600358654,32.262512001453274,31.539043000605723,30.63492900023409,29.486008000229447,biomass
225,226,South_Atlantic_Gulf_Basin,GLU226,UsaCstSE,USA,840,United States,0.0,0.0,0.0,0.0,0.34634639,0.7759849499999999,1.6619999,4.474132,10.250086410000002,18.1265365894,20.396214278999,20.646315639995297,20.701613118417182,20.123226056123748,19.82364002673631,19.49633301259749,19.313127004803807,19.281871002000507,19.331385000858024,19.326885000576095,19.257650000586533,biomass
226,227,Great_Lakes_Basin,GLU227,GreatLakes,CAN,124,Canada,0.0,0.0,0.0,0.0,0.405331609,0.89459061,1.8450739030000003,4.691177225,10.688057084000002,20.36425738585,23.620483403150303,23.871364891311288,23.937706436699038,23.377790894543445,22.9420664452,22.465164520546047,22.168405307368207,22.024485302977777,21.988010401291344,21.888127900718853,21.669556800668065,biomass
227,228,Ohio_River_Basin,GLU228,OhioR,USA,840,United States,0.0,0.0,0.0,0.0,0.42591701,0.9391310290000002,1.945762215,4.89475011,10.902026796,20.220834219990003,23.132653096140995,23.654745569795157,23.87392392300734,23.307975958115325,23.03340242758306,22.649380012904853,22.419821204822796,22.36330890203669,22.409719000866254,22.38080930057669,22.251243900585393,biomass
228,229,Pacific_Northwest_Basin,GLU229,UsaPacNW,USA,840,United States,0.0,0.0,0.0,0.0,0.682151792,1.505729419,3.0514579900000003,7.44347681,16.29242553,29.07170210893,32.482701033707905,32.59042654294459,32.44792864413067,31.26851416214783,30.55037037893222,29.819983437806652,29.340420414660343,29.08332380632372,28.95078590292784,28.720278601945083,28.35242550193374,biomass
229,230,Tennessee_River_Basin,GLU230,TennR,USA,840,United States,0.0,0.0,0.0,0.0,0.0528214257,0.11893301,0.254982285,0.685606896,1.6083661288000002,3.092572776388,3.52970431179383,3.571923958035294,3.576593151626471,3.461132910193284,3.3960610947707206,3.3266688022314534,3.2862382307876974,3.2704698203355687,3.26955837015804,3.258198600105202,3.2326019101072525,biomass
230,231,Rio_Grande_River_Basin,GLU231,RioGrande,USA,840,United States,0.0,0.0,0.0,0.0,0.8190766300000001,1.6917741660000003,3.53312489,8.93719401,19.300512978,32.210786836219995,35.31037564333819,35.77677957612403,36.30957470957048,36.11396524852275,36.003532523328325,35.92952490981004,35.98283860317982,36.02155400106412,36.09404350028841,35.98824730018461,35.731651600185096,biomass
231,232,New_England_Basin,GLU232,UsaCstNE,USA,840,United States,0.0,0.0,0.0,0.0,0.08319943051,0.18093743029999998,0.3516837263,0.8162707580999998,1.7348632493,3.0884284561929993,3.4848596652058883,3.467010039539207,3.4307249695104574,3.2980545992990993,3.2031435361042813,3.111767189773993,3.050807593902005,3.0120709953775773,2.9882703911749617,2.9567257501150186,2.9108858021162702,biomass
232,233,Mid_Atlantic_Basin,GLU233,UsaCstE,USA,840,United States,0.0,0.0,0.0,0.0,0.15581691,0.342760726,0.69651563,1.6967648100000001,3.664804548,6.55944583371,7.3865882567313506,7.4510617818011795,7.443034732533812,7.1860515150474695,7.03616310703059,6.872387903243497,6.76448160105764,6.707983200443313,6.681415800205545,6.63093470013509,6.545570500136391,biomass
233,234,Hawaii,GLU234,Hawaii,USA,840,United States,0.0,0.0,0.0,0.0,0.0,0.0,0.0,0.0,0.0,0.0,0.0,0.0,0.0,0.0,0.0,0.0,0.0,0.0,0.0,0.0,0.0,biomass
234,235,Narmada,GLU235,NarmadaR,IND,356,India,0.0,0.0,0.0,0.0,0.017016880399999997,0.0372711902,0.082482539,0.23768961299999997,0.5017538949,0.8708057258613001,0.9940550897064658,1.008314141182301,1.0243743301334949,1.02335443,1.02036634,1.0256928600000002,1.0486504400000003,1.0821527599999998,1.1215056500000002,1.1578388300000002,1.18643561,biomass
